<?xml version="1.0" encoding="utf-8"?>
<GraphicalInterface>
  <P Name="NumRootInports">0</P>
  <P Name="NumRootOutports">0</P>
  <P Name="ParameterArgumentNames"/>
  <P Name="NumModelReferences">1</P>
  <ModelReference>
    <P Name="ModelRefBlockPath">$bdroot/Vehicle Model/Vehicle Flight Software/Attitude Control System|asbCubeSatACS</P>
  </ModelReference>
  <P Name="NumTestPointedSignals">0</P>
  <P Name="NumProvidedFunctions">0</P>
  <P Name="NumRequiredFunctions">0</P>
  <P Name="NumResetEvents">0</P>
  <P Name="HasInitializeEvent">0</P>
  <P Name="HasTerminateEvent">0</P>
  <P Name="PreCompExecutionDomainType">Unset</P>
  <P Name="IsExportFunctionModel">0</P>
  <P Name="IsArchitectureModel">0</P>
  <P Name="IsAUTOSARArchitectureModel">0</P>
  <P Name="NumParameterArguments">0</P>
  <P Name="NumExternalFileReferences">26</P>
  <ExternalFileReference>
    <P Name="Reference">asbCubeSatEnvironmentLib/Enviroment</P>
    <P Name="Path">$bdroot/Enviroment</P>
    <P Name="SID">465</P>
    <P Name="Type">LIBRARY_BLOCK</P>
  </ExternalFileReference>
  <ExternalFileReference>
    <P Name="Reference">SignalEditorBlockLib/Signal Editor</P>
    <P Name="Path">$bdroot/Pointing Mode/Signal Editor</P>
    <P Name="SID">683</P>
    <P Name="Type">LIBRARY_BLOCK</P>
  </ExternalFileReference>
  <ExternalFileReference>
    <P Name="Reference">sharedutil/3x3 Cross Product</P>
    <P Name="Path">$bdroot/Scopes/Estimate ECI PosVel/3x3 Cross Product</P>
    <P Name="SID">810</P>
    <P Name="Type">LIBRARY_BLOCK</P>
  </ExternalFileReference>
  <ExternalFileReference>
    <P Name="Reference">aerolibutil/Quaternion
Inverse</P>
    <P Name="Path">$bdroot/Scopes/Estimate ECI PosVel/Quaternion Inverse</P>
    <P Name="SID">812</P>
    <P Name="Type">LIBRARY_BLOCK</P>
  </ExternalFileReference>
  <ExternalFileReference>
    <P Name="Reference">aerolibutil/Quaternion
Rotation</P>
    <P Name="Path">$bdroot/Scopes/Estimate ECI PosVel/Quaternion Rotation</P>
    <P Name="SID">813</P>
    <P Name="Type">LIBRARY_BLOCK</P>
  </ExternalFileReference>
  <ExternalFileReference>
    <P Name="Reference">aerolibutil/Quaternion
Rotation</P>
    <P Name="Path">$bdroot/Scopes/Estimate ECI PosVel/Quaternion Rotation1</P>
    <P Name="SID">814</P>
    <P Name="Type">LIBRARY_BLOCK</P>
  </ExternalFileReference>
  <ExternalFileReference>
    <P Name="Reference">aerolibutil/Quaternion
Rotation</P>
    <P Name="Path">$bdroot/Scopes/Estimate ECI PosVel/Quaternion Rotation2</P>
    <P Name="SID">815</P>
    <P Name="Type">LIBRARY_BLOCK</P>
  </ExternalFileReference>
  <ExternalFileReference>
    <P Name="Reference">aerolibutil/Quaternion
Rotation</P>
    <P Name="Path">$bdroot/Scopes/Estimate ECI PosVel/Quaternion Rotation3</P>
    <P Name="SID">816</P>
    <P Name="Type">LIBRARY_BLOCK</P>
  </ExternalFileReference>
  <ExternalFileReference>
    <P Name="Reference">asbCubeSatActuatorsLib/Vehicle Control
Actuators</P>
    <P Name="Path">$bdroot/Vehicle Model/Vehicle Control Actuators</P>
    <P Name="SID">673</P>
    <P Name="Type">LIBRARY_BLOCK</P>
  </ExternalFileReference>
  <ExternalFileReference>
    <P Name="Reference">asbCubeSatSensorsLib/Vehicle Control Sensors</P>
    <P Name="Path">$bdroot/Vehicle Model/Vehicle Control Sensors</P>
    <P Name="SID">677</P>
    <P Name="Type">LIBRARY_BLOCK</P>
  </ExternalFileReference>
  <ExternalFileReference>
    <P Name="Reference">asbCubeSatDynamicsLib/Vehicle Dynamics</P>
    <P Name="Path">$bdroot/Vehicle Model/Vehicle Dynamics</P>
    <P Name="SID">675</P>
    <P Name="Type">LIBRARY_BLOCK</P>
  </ExternalFileReference>
  <ExternalFileReference>
    <P Name="Reference">asbCubeSatFSWLib/Vehicle Flight Software</P>
    <P Name="Path">$bdroot/Vehicle Model/Vehicle Flight Software</P>
    <P Name="SID">669</P>
    <P Name="Type">LIBRARY_BLOCK</P>
  </ExternalFileReference>
  <ExternalFileReference>
    <P Name="Reference">aerolibconvert2/Length Conversion</P>
    <P Name="Path">$bdroot/Visualization/Virtual Reality World/Antenna Position to VRML/Length Conversion</P>
    <P Name="SID">1113</P>
    <P Name="Type">LIBRARY_BLOCK</P>
  </ExternalFileReference>
  <ExternalFileReference>
    <P Name="Reference">aerolibobsolete/Euler Angles to Quaternions</P>
    <P Name="Path">$bdroot/Visualization/Virtual Reality World/Compute Earth Rotation Rate/Euler Angles to Quaternions</P>
    <P Name="SID">1136</P>
    <P Name="Type">LIBRARY_BLOCK</P>
  </ExternalFileReference>
  <ExternalFileReference>
    <P Name="Reference">aerolibutil/Quaternion
Inverse</P>
    <P Name="Path">$bdroot/Visualization/Virtual Reality World/Quaternion Inverse</P>
    <P Name="SID">1165</P>
    <P Name="Type">LIBRARY_BLOCK</P>
  </ExternalFileReference>
  <ExternalFileReference>
    <P Name="Reference">aerolibutil/Quaternion
Inverse</P>
    <P Name="Path">$bdroot/Visualization/Virtual Reality World/Quaternion Inverse1</P>
    <P Name="SID">1166</P>
    <P Name="Type">LIBRARY_BLOCK</P>
  </ExternalFileReference>
  <ExternalFileReference>
    <P Name="Reference">aerolibutil/Quaternion
Rotation</P>
    <P Name="Path">$bdroot/Visualization/Virtual Reality World/Quaternion Rotation</P>
    <P Name="SID">1167</P>
    <P Name="Type">LIBRARY_BLOCK</P>
  </ExternalFileReference>
  <ExternalFileReference>
    <P Name="Reference">aerolibutil/Quaternion
Rotation</P>
    <P Name="Path">$bdroot/Visualization/Virtual Reality World/Quaternion Rotation1</P>
    <P Name="SID">1168</P>
    <P Name="Type">LIBRARY_BLOCK</P>
  </ExternalFileReference>
  <ExternalFileReference>
    <P Name="Reference">aerolibutil/Quaternion
Rotation</P>
    <P Name="Path">$bdroot/Visualization/Virtual Reality World/Quaternion Rotation2</P>
    <P Name="SID">1169</P>
    <P Name="Type">LIBRARY_BLOCK</P>
  </ExternalFileReference>
  <ExternalFileReference>
    <P Name="Reference">asbCubeSatBlockLib/Axes Transformations/Attitude Conversion/Quaternion between
r_a and r_b</P>
    <P Name="Path">$bdroot/Visualization/Virtual Reality World/Quaternion between r_a and r_b</P>
    <P Name="SID">1170</P>
    <P Name="Type">LIBRARY_BLOCK</P>
  </ExternalFileReference>
  <ExternalFileReference>
    <P Name="Reference">aerolibutil/Quaternion
Multiplication</P>
    <P Name="Path">$bdroot/Visualization/Virtual Reality World/Quaternion to VRML/Quaternion Multiplication</P>
    <P Name="SID">1178</P>
    <P Name="Type">LIBRARY_BLOCK</P>
  </ExternalFileReference>
  <ExternalFileReference>
    <P Name="Reference">aerolibutil/Quaternion
Multiplication</P>
    <P Name="Path">$bdroot/Visualization/Virtual Reality World/Quaternion to VRML1/Quaternion Multiplication</P>
    <P Name="SID">1189</P>
    <P Name="Type">LIBRARY_BLOCK</P>
  </ExternalFileReference>
  <ExternalFileReference>
    <P Name="Reference">simulink/Logic and Bit
Operations/Compare
To Constant</P>
    <P Name="Path">$bdroot/Visualization/Virtual Reality World/Radar on//off/Compare To Constant</P>
    <P Name="SID">1196</P>
    <P Name="Type">LIBRARY_BLOCK</P>
  </ExternalFileReference>
  <ExternalFileReference>
    <P Name="Reference">aerolibconvert2/Length Conversion</P>
    <P Name="Path">$bdroot/Visualization/Virtual Reality World/Sat Position to VRML/Length Conversion</P>
    <P Name="SID">1216</P>
    <P Name="Type">LIBRARY_BLOCK</P>
  </ExternalFileReference>
  <ExternalFileReference>
    <P Name="Reference">aerolibconvert2/Length Conversion</P>
    <P Name="Path">$bdroot/Visualization/Virtual Reality World/Sun Position to VRML/Length Conversion</P>
    <P Name="SID">1233</P>
    <P Name="Type">LIBRARY_BLOCK</P>
  </ExternalFileReference>
  <ExternalFileReference>
    <P Name="Reference">vrlib/VR Sink</P>
    <P Name="Path">$bdroot/Visualization/Virtual Reality World/VR Sink</P>
    <P Name="SID">1236</P>
    <P Name="Type">LIBRARY_BLOCK</P>
  </ExternalFileReference>
  <P Name="OrderedModelArguments">0</P>
</GraphicalInterface>
