<?xml version="1.0" encoding="UTF-8"?>
<MF0 version="1.1" defaultPackage="slid" packageUris="http://schema.mathworks.com/mf0/slid/R2019a_20180228">
  <System type="System" uuid="e25f1d5a-9f17-4bf2-8c55-7afc3a7b72b0">
    <Block type="Block" uuid="5f08c3bd-cb61-4c78-940c-a9315f711d4c">
      <Sid>460:3</Sid>
    </Block>
    <Block type="Block" uuid="dbf82256-4f2c-4207-9a95-d6879c7d20d9">
      <Sid>465:54</Sid>
    </Block>
    <Block type="Block" uuid="9be1f16a-db1b-4200-bcb3-a24947ef7208">
      <Sid>465:56</Sid>
    </Block>
    <Block type="Block" uuid="b1a9ee64-7625-437f-bc08-1d59b334c437">
      <Sid>465:57</Sid>
    </Block>
    <Block type="Block" uuid="21c3bafb-592e-4f1f-b78d-52ca567eb3b4">
      <Sid>465:58</Sid>
    </Block>
    <Block type="Block" uuid="2c5e3083-01f6-475e-8e42-76b258b72395">
      <Sid>465:59</Sid>
    </Block>
    <Block type="Block" uuid="2969216f-38c9-4d24-96bd-98d18106abff">
      <Sid>465:60</Sid>
    </Block>
    <Block type="Block" uuid="ad7dfac8-475e-4e5a-beeb-9902339c9a72">
      <Sid>669:39</Sid>
    </Block>
    <Block type="Block" uuid="5f610a50-c569-435d-ac20-18083d1b6d18">
      <Sid>673:3</Sid>
    </Block>
    <Block type="Block" uuid="fd75bc77-ca4b-4d2d-9757-8d026f4725c2">
      <Sid>675:28:3</Sid>
    </Block>
    <Block type="Block" uuid="bfeb8383-9017-4fed-b05e-7ab513fc19f6">
      <Sid>675:51</Sid>
    </Block>
    <Block type="Block" uuid="6a47ca79-b368-467f-aee1-7d93837da081">
      <Sid>675:52</Sid>
    </Block>
    <Block type="Block" uuid="497bef1f-78e4-461a-bd0d-8f8896c8d27a">
      <Sid>675:53</Sid>
    </Block>
    <Block type="Block" uuid="4835dbe7-29f3-4f43-be3f-cb9586156f2e">
      <Sid>675:54</Sid>
    </Block>
    <Block type="Block" uuid="d45dea07-13d7-40af-99f1-7158e6bcbc80">
      <Sid>675:55</Sid>
    </Block>
    <Block type="Block" uuid="5de50041-8889-43bc-854d-248f9a4cb655">
      <Sid>675:56</Sid>
    </Block>
    <Block type="Block" uuid="25a6598b-7ffe-4fd6-aa9a-3da84094f6a2">
      <Sid>675:57</Sid>
    </Block>
    <Block type="Block" uuid="818b9306-681a-45a2-8dbd-e3a815c7e3f7">
      <Sid>675:58</Sid>
    </Block>
    <Block type="Block" uuid="288742e9-605d-40c2-a4ce-f37cdb5e56a0">
      <Sid>675:59</Sid>
    </Block>
    <Block type="Block" uuid="73ad5745-337b-48f0-98ab-26a700a2220f">
      <Sid>675:60</Sid>
    </Block>
    <Block type="Block" uuid="9d3b8095-2ff4-433e-8043-4d6a8e63a02b">
      <Sid>675:64</Sid>
    </Block>
    <Block type="Block" uuid="97dc8f69-8026-4cee-ae9b-e6a67adbe028">
      <Sid>675:65</Sid>
    </Block>
    <Block type="Block" uuid="02b0e5a2-faf8-43de-ba49-3f25df0899c8">
      <Sid>675:66</Sid>
    </Block>
    <Block type="Block" uuid="1cb27973-f1e1-4d60-8133-11ce08fca86e">
      <Sid>675:79</Sid>
    </Block>
    <Block type="Block" uuid="b24e39b4-3b04-425a-a17e-5a9ee5e1d4f5">
      <Sid>675:80</Sid>
    </Block>
    <Block type="Block" uuid="bf1ca31c-687d-4ff6-a2e1-fbeac8a99202">
      <Sid>675:81</Sid>
    </Block>
    <Block type="Block" uuid="6af5686f-bfe1-4b9b-94da-d8f549431927">
      <Sid>675:82</Sid>
    </Block>
    <Block type="Block" uuid="49642a9b-3716-4197-ba4f-1c408f1ca399">
      <Sid>675:83</Sid>
    </Block>
    <Block type="Block" uuid="3e146622-19b4-4378-b634-08c8847efc77">
      <Sid>675:84</Sid>
    </Block>
    <Block type="Block" uuid="2c93f2a4-308d-49eb-b261-687cd0a1e63c">
      <Sid>675:85</Sid>
    </Block>
    <Interface type="Interface" uuid="358aea0b-3aac-41df-9e35-0eb4b8727300"/>
  </System>
</MF0>