<?xml version="1.0" encoding="UTF-8"?>
<sltp_graph version="1.1" packageUris="http://schema.mathworks.com/mf0/sltp_mm/R2019b_201903251320">
  <sltp.mm.core.Context type="sltp.mm.core.Context" uuid="642babd4-e781-4990-a98c-615eca2dabc3">
    <priorityDirection>HighNumberLast</priorityDirection>
    <unusedIds>3</unusedIds>
    <editorState type="sltp.mm.core.EditorState" uuid="997f7508-23ac-4b97-b49e-58ac0a3288d6">
      <isSynchronized>true</isSynchronized>
    </editorState>
    <rootTask type="sltp.mm.core.Task" uuid="6be552d0-e22d-46cf-a949-6bddb63a644d">
      <context type="sltp.mm.core.Context" uuid="642babd4-e781-4990-a98c-615eca2dabc3"/>
      <explicit>false</explicit>
      <name>Default</name>
      <priority>-2147483648</priority>
      <subgraph type="sltp.mm.core.Graph" uuid="2e2b5d06-4087-437e-936f-abaf10d5efe2">
        <connections type="sltp.mm.core.Connection" uuid="5c44915b-fa5a-42c3-ac69-0ad04de76c0d">
          <dst type="sltp.mm.core.Task" uuid="6401562a-1836-4538-b4d8-6596ce2c516a"/>
          <src type="sltp.mm.core.Task" uuid="97822056-2dc0-4a60-b4a0-59158068cb3c"/>
        </connections>
        <tasks type="sltp.mm.core.Task" uuid="97822056-2dc0-4a60-b4a0-59158068cb3c">
          <baseTask>true</baseTask>
          <context type="sltp.mm.core.Context" uuid="642babd4-e781-4990-a98c-615eca2dabc3"/>
          <explicit>false</explicit>
          <id>1</id>
          <name>Cont</name>
          <outConnections type="sltp.mm.core.Connection" uuid="5c44915b-fa5a-42c3-ac69-0ad04de76c0d"/>
          <priority>40</priority>
          <rates type="sltp.mm.core.Rate" uuid="305d0d11-5416-4a63-a2c9-02f129730d7c">
            <annotation>Cont</annotation>
            <color>255</color>
            <hasBlocks>true</hasBlocks>
            <rateSpec type="sltp.mm.core.RateSpec">
              <period>0</period>
            </rateSpec>
            <sti>0</sti>
          </rates>
          <rates type="sltp.mm.core.Rate" uuid="d1910659-3f90-44c7-8f61-b9229121581e">
            <annotation>D1</annotation>
            <color>-436207361</color>
            <hasBlocks>true</hasBlocks>
            <rateSpec type="sltp.mm.core.RateSpec">
              <period>1</period>
            </rateSpec>
            <sti>1</sti>
          </rates>
        </tasks>
        <tasks type="sltp.mm.core.Task" uuid="6401562a-1836-4538-b4d8-6596ce2c516a">
          <context type="sltp.mm.core.Context" uuid="642babd4-e781-4990-a98c-615eca2dabc3"/>
          <explicit>false</explicit>
          <id>2</id>
          <inConnections type="sltp.mm.core.Connection" uuid="5c44915b-fa5a-42c3-ac69-0ad04de76c0d"/>
          <name>D2</name>
          <priority>41</priority>
          <rates type="sltp.mm.core.Rate" uuid="2877056d-1558-42f9-ae27-53037b736941">
            <annotation>D2</annotation>
            <color>13697279</color>
            <hasBlocks>true</hasBlocks>
            <rateSpec type="sltp.mm.core.RateSpec">
              <period>5</period>
            </rateSpec>
            <sti>2</sti>
          </rates>
        </tasks>
      </subgraph>
    </rootTask>
  </sltp.mm.core.Context>
</sltp_graph>