<?xml version="1.0" encoding="UTF-8"?>
<sltp_editor version="1.1" packageUris="http://schema.mathworks.com/mf0/DiagramEditor/R2019a_20181107 http://schema.mathworks.com/mf0/SltpSyntax/R2019b_201903011129">
  <sltp.mm.syntax.Context type="sltp.mm.syntax.Context" uuid="49b0bd0a-e8e9-407a-87b6-841c67ac43ba">
    <rootGraph type="sltp.mm.syntax.Graph" uuid="d156795d-228f-4642-9a8a-be04029565c3">
      <children type="sltp.mm.syntax.Node" uuid="5a287335-3c72-4527-b963-8db1cadb2f43">
        <outEdges type="sltp.mm.syntax.Edge" uuid="7a3bc1a2-d0b9-4b1d-8f1b-84509c507c3d"/>
        <priority>40</priority>
        <rates type="sltp.mm.syntax.RateData">
          <color>#000000</color>
          <hasBlocks>true</hasBlocks>
          <rate>0</rate>
          <title>Cont</title>
        </rates>
        <rates type="sltp.mm.syntax.RateData">
          <color>#e60000</color>
          <hasBlocks>true</hasBlocks>
          <rate>1</rate>
          <title>D1</title>
        </rates>
        <title>Cont</title>
        <type>base</type>
        <diagramElement type="diagram.editor.model.Entity" uuid="d88fba61-f19a-431a-9822-560535798605"/>
        <subgraph type="sltp.mm.syntax.Graph" uuid="fc53e4f1-fb89-4949-b28b-fe8107d5d176">
          <title>Cont</title>
          <diagramElement type="diagram.editor.model.Diagram" uuid="8291bb65-40f1-47ce-904e-a6886eab5b88"/>
        </subgraph>
      </children>
      <children type="sltp.mm.syntax.Node" uuid="4a457d92-8d3a-4001-8379-88aa7571c478">
        <inEdges type="sltp.mm.syntax.Edge" uuid="7a3bc1a2-d0b9-4b1d-8f1b-84509c507c3d"/>
        <orderIndex>1</orderIndex>
        <priority>41</priority>
        <rates type="sltp.mm.syntax.RateData">
          <color>#00d100</color>
          <hasBlocks>true</hasBlocks>
          <rate>5</rate>
          <title>D2</title>
        </rates>
        <title>D2</title>
        <type>implicit-periodic</type>
        <diagramElement type="diagram.editor.model.Entity" uuid="1ec69f4a-45a3-4f5f-b081-0892f91b8bcb"/>
        <subgraph type="sltp.mm.syntax.Graph" uuid="04a196b3-307e-49fc-977a-225b71ea205c">
          <title>D2</title>
          <diagramElement type="diagram.editor.model.Diagram" uuid="d2c0932c-7fc7-4e18-8825-a0a8a1829d4c"/>
        </subgraph>
      </children>
      <edges type="sltp.mm.syntax.Edge" uuid="7a3bc1a2-d0b9-4b1d-8f1b-84509c507c3d">
        <dst type="sltp.mm.syntax.Node" uuid="4a457d92-8d3a-4001-8379-88aa7571c478"/>
        <src type="sltp.mm.syntax.Node" uuid="5a287335-3c72-4527-b963-8db1cadb2f43"/>
        <type>Dependency</type>
        <diagramElement type="diagram.editor.model.Connection" uuid="f976304a-872b-4e34-a776-05f20a9eb828"/>
      </edges>
      <title>Default</title>
      <diagramElement type="diagram.editor.model.Diagram" uuid="b7c7f0e9-f99e-4cc6-b94c-a90a037eee52"/>
    </rootGraph>
  </sltp.mm.syntax.Context>
  <diagram.editor.model.Diagram type="diagram.editor.model.Diagram" uuid="b7c7f0e9-f99e-4cc6-b94c-a90a037eee52">
    <connections type="diagram.editor.model.Connection" uuid="f976304a-872b-4e34-a776-05f20a9eb828">
      <dstElement type="diagram.editor.model.Entity" uuid="1ec69f4a-45a3-4f5f-b081-0892f91b8bcb"/>
      <srcElement type="diagram.editor.model.Entity" uuid="d88fba61-f19a-431a-9822-560535798605"/>
      <position>0,0</position>
      <size>0,0,0,0</size>
      <syntaxElement type="sltp.mm.syntax.Edge" uuid="7a3bc1a2-d0b9-4b1d-8f1b-84509c507c3d"/>
      <type>graph.Edge</type>
    </connections>
    <entities type="diagram.editor.model.Entity" uuid="d88fba61-f19a-431a-9822-560535798605">
      <outConnections type="diagram.editor.model.Connection" uuid="f976304a-872b-4e34-a776-05f20a9eb828"/>
      <position>0,0</position>
      <size>0,0,100,100</size>
      <syntaxElement type="sltp.mm.syntax.Node" uuid="5a287335-3c72-4527-b963-8db1cadb2f43"/>
      <title>Cont</title>
      <type>base</type>
      <subDiagram type="diagram.editor.model.Diagram" uuid="8291bb65-40f1-47ce-904e-a6886eab5b88">
        <position>0,0</position>
        <syntaxElement type="sltp.mm.syntax.Graph" uuid="fc53e4f1-fb89-4949-b28b-fe8107d5d176"/>
        <title>Cont</title>
        <type>graph.Graph</type>
      </subDiagram>
    </entities>
    <entities type="diagram.editor.model.Entity" uuid="1ec69f4a-45a3-4f5f-b081-0892f91b8bcb">
      <inConnections type="diagram.editor.model.Connection" uuid="f976304a-872b-4e34-a776-05f20a9eb828"/>
      <position>0,0</position>
      <size>0,0,0,0</size>
      <syntaxElement type="sltp.mm.syntax.Node" uuid="4a457d92-8d3a-4001-8379-88aa7571c478"/>
      <title>D2</title>
      <type>implicit-periodic</type>
      <subDiagram type="diagram.editor.model.Diagram" uuid="d2c0932c-7fc7-4e18-8825-a0a8a1829d4c">
        <position>0,0</position>
        <syntaxElement type="sltp.mm.syntax.Graph" uuid="04a196b3-307e-49fc-977a-225b71ea205c"/>
        <title>D2</title>
        <type>graph.Graph</type>
      </subDiagram>
    </entities>
    <position>3.51948e-316,3.51947e-316</position>
    <size>9.17184e-314,3.51948e-316,5.21103e-314,3.51947e-316</size>
    <syntaxElement type="sltp.mm.syntax.Graph" uuid="d156795d-228f-4642-9a8a-be04029565c3"/>
    <title>Default</title>
    <type>graph.Graph</type>
  </diagram.editor.model.Diagram>
</sltp_editor>