<?xml version="1.0" encoding="UTF-8" standalone="yes" ?><cp:coreProperties xmlns:cp="http://schemas.openxmlformats.org/package/2006/metadata/core-properties" xmlns:dc="http://purl.org/dc/elements/1.1/" xmlns:dcmitype="http://purl.org/dc/dcmitype/" xmlns:dcterms="http://purl.org/dc/terms/" xmlns:xsi="http://www.w3.org/2001/XMLSchema-instance"><cp:category>model</cp:category><dcterms:created xsi:type="dcterms:W3CDTF">2006-08-11T20:28:28Z</dcterms:created><dc:creator>The MathWorks, Inc.</dc:creator><dc:description></dc:description><cp:lastModifiedBy>brice</cp:lastModifiedBy><dcterms:modified xsi:type="dcterms:W3CDTF">2019-12-18T13:30:45Z</dcterms:modified><cp:revision>1.402</cp:revision><cp:version>R2019b</cp:version></cp:coreProperties>