<?xml version="1.0" encoding="utf-8"?>
<GraphicalInterface>
  <P Name="NumRootInports">0</P>
  <P Name="NumRootOutports">1</P>
  <Outport Name="U">
    <P Name="BusObject"/>
    <P Name="BusOutputAsStruct">off</P>
    <P Name="UnitExpr">inherit</P>
  </Outport>
  <P Name="ParameterArgumentNames"/>
  <P Name="NumModelReferences">0</P>
  <P Name="NumTestPointedSignals">0</P>
  <P Name="NumProvidedFunctions">0</P>
  <P Name="NumRequiredFunctions">0</P>
  <P Name="NumResetEvents">0</P>
  <P Name="HasInitializeEvent">0</P>
  <P Name="HasTerminateEvent">0</P>
  <P Name="PreCompExecutionDomainType">Unset</P>
  <P Name="IsExportFunctionModel">0</P>
  <P Name="IsArchitectureModel">0</P>
  <P Name="IsAUTOSARArchitectureModel">0</P>
  <P Name="NumParameterArguments">0</P>
  <P Name="NumExternalFileReferences">6</P>
  <ExternalFileReference>
    <P Name="Reference">aerolibconvert2/Angle Conversion</P>
    <P Name="Path">$bdroot/Angle Conversion</P>
    <P Name="SID">172</P>
    <P Name="Type">LIBRARY_BLOCK</P>
  </ExternalFileReference>
  <ExternalFileReference>
    <P Name="Reference">aerolibconvert2/Angular Velocity
Conversion</P>
    <P Name="Path">$bdroot/Angular Velocity Conversion</P>
    <P Name="SID">171</P>
    <P Name="Type">LIBRARY_BLOCK</P>
  </ExternalFileReference>
  <ExternalFileReference>
    <P Name="Reference">simulink/Sinks/XY Graph</P>
    <P Name="Path">$bdroot/Basic Orbit View</P>
    <P Name="SID">164</P>
    <P Name="Type">LIBRARY_BLOCK</P>
  </ExternalFileReference>
  <ExternalFileReference>
    <P Name="Reference">shared6dof/6DOF (Euler Angles)</P>
    <P Name="Path">$bdroot/Dynamics block/6DOF (Euler Angles) in ECI frame</P>
    <P Name="SID">85</P>
    <P Name="Type">LIBRARY_BLOCK</P>
  </ExternalFileReference>
  <ExternalFileReference>
    <P Name="Reference">aerolibtransform2/Direction Cosine Matrix
ECI to ECEF</P>
    <P Name="Path">$bdroot/Spherical Harmonic Gravity/Direction Cosine Matrix ECI to ECEF</P>
    <P Name="SID">146</P>
    <P Name="Type">LIBRARY_BLOCK</P>
  </ExternalFileReference>
  <ExternalFileReference>
    <P Name="Reference">aerolibgravity2/Spherical Harmonic Gravity Model</P>
    <P Name="Path">$bdroot/Spherical Harmonic Gravity/Spherical Harmonic Gravity Model</P>
    <P Name="SID">145</P>
    <P Name="Type">LIBRARY_BLOCK</P>
  </ExternalFileReference>
  <P Name="OrderedModelArguments">1</P>
</GraphicalInterface>
