<?xml version="1.0" encoding="UTF-8"?>
<sltp_graph version="1.1" packageUris="http://schema.mathworks.com/mf0/sltp_mm/R2019b_201903251320">
  <sltp.mm.core.Context type="sltp.mm.core.Context" uuid="207ff9ff-5104-4c58-a642-2f857c739fb2">
    <priorityDirection>HighNumberLast</priorityDirection>
    <editorState type="sltp.mm.core.EditorState" uuid="847434e8-4043-4dad-be4e-b09a8d5be69f">
      <isSynchronized>true</isSynchronized>
    </editorState>
    <rootTask type="sltp.mm.core.Task" uuid="9a6cccea-dc48-463f-92cb-e2b5131c197e">
      <context type="sltp.mm.core.Context" uuid="207ff9ff-5104-4c58-a642-2f857c739fb2"/>
      <explicit>false</explicit>
      <name>Default</name>
      <priority>-2147483648</priority>
      <subgraph type="sltp.mm.core.Graph" uuid="132d3686-284e-4d4e-af2b-e4d4757ecb85">
        <tasks type="sltp.mm.core.Task" uuid="6b93205e-a1c8-49e4-b320-e6b2a01c2d81">
          <baseTask>true</baseTask>
          <context type="sltp.mm.core.Context" uuid="207ff9ff-5104-4c58-a642-2f857c739fb2"/>
          <explicit>false</explicit>
          <id>1</id>
          <name>Cont</name>
          <priority>40</priority>
          <rates type="sltp.mm.core.Rate" uuid="b8ceef14-5602-49e6-b234-e26ff4a3c9a3">
            <annotation>Cont</annotation>
            <color>255</color>
            <hasBlocks>true</hasBlocks>
            <rateSpec type="sltp.mm.core.RateSpec">
              <period>0</period>
            </rateSpec>
            <sti>0</sti>
          </rates>
          <rates type="sltp.mm.core.Rate" uuid="36377f88-ef40-409d-82f7-466c4f8a5c58">
            <annotation>FiM</annotation>
            <color>-2139062017</color>
            <hasBlocks>true</hasBlocks>
            <rateSpec type="sltp.mm.core.RateSpec">
              <offset>1</offset>
              <period>0</period>
            </rateSpec>
            <sti>1</sti>
          </rates>
        </tasks>
      </subgraph>
    </rootTask>
  </sltp.mm.core.Context>
</sltp_graph>