<?xml version="1.0" encoding="utf-8"?>
<ModelInformation Version="1.0">
  <Model>
    <P Name="SavedCharacterEncoding">windows-1252</P>
    <P Name="EnableAccessToBaseWorkspace">on</P>
    <P Name="SLXCompressionType">Normal</P>
    <P Name="ScopeRefreshTime">0.035000</P>
    <P Name="OverrideScopeRefreshTime">on</P>
    <P Name="DisableAllScopes">off</P>
    <P Name="DataTypeOverride">UseLocalSettings</P>
    <P Name="DataTypeOverrideAppliesTo">AllNumericTypes</P>
    <P Name="MinMaxOverflowLogging">UseLocalSettings</P>
    <P Name="MinMaxOverflowArchiveMode">Overwrite</P>
    <P Name="FPTRunName">Run 1</P>
    <P Name="MaxMDLFileLineLength">120</P>
    <P Name="LastSavedArchitecture">win64</P>
    <P Name="HideAutomaticNames">on</P>
    <ConfigManagerSettings>
      <P Name="UpdateHistory">UpdateHistoryNever</P>
      <P Name="ModifiedByFormat">%&lt;Auto&gt;</P>
      <P Name="ModifiedDateFormat">%&lt;Auto&gt;</P>
      <P Name="RTWModifiedTimeStamp">502207150</P>
      <P Name="ModelVersionFormat">1.%&lt;AutoIncrement:14&gt;</P>
    </ConfigManagerSettings>
    <EditorSettings>
      <P Name="SampleTimeColors">off</P>
      <P Name="SampleTimeAnnotations">off</P>
      <P Name="LibraryLinkDisplay">disabled</P>
      <P Name="WideLines">off</P>
      <P Name="ShowLineDimensions">on</P>
      <P Name="ShowPortDataTypes">off</P>
      <P Name="ShowAllPropagatedSignalLabels">off</P>
      <P Name="PortDataTypeDisplayFormat">AliasTypeOnly</P>
      <P Name="ShowEditTimeErrors">on</P>
      <P Name="ShowEditTimeWarnings">on</P>
      <P Name="ShowEditTimeAdvisorChecks">off</P>
      <P Name="ShowPortUnits">off</P>
      <P Name="ShowDesignRanges">off</P>
      <P Name="ShowLoopsOnError">on</P>
      <P Name="IgnoreBidirectionalLines">off</P>
      <P Name="ShowStorageClass">off</P>
      <P Name="ShowTestPointIcons">on</P>
      <P Name="ShowSignalResolutionIcons">on</P>
      <P Name="ShowViewerIcons">on</P>
      <P Name="SortedOrder">off</P>
      <P Name="VariantCondition">off</P>
      <P Name="ShowSubsystemDomainSpec">off</P>
      <P Name="ExecutionContextIcon">off</P>
      <P Name="ShowLinearizationAnnotations">on</P>
      <P Name="ShowVisualizeInsertedRTB">on</P>
      <P Name="ShowMarkup">on</P>
      <P Name="BlockNameDataTip">off</P>
      <P Name="BlockParametersDataTip">off</P>
      <P Name="BlockDescriptionStringDataTip">off</P>
      <P Name="BlockVariantConditionDataTip">off</P>
      <P Name="ToolBar">on</P>
      <P Name="StatusBar">on</P>
      <P Name="BrowserShowLibraryLinks">off</P>
      <P Name="FunctionConnectors">off</P>
      <P Name="BrowserLookUnderMasks">off</P>
      <P Name="MultiThreadCoSim">on</P>
    </EditorSettings>
    <SimulationSettings>
      <P Name="SimulationMode">normal</P>
      <P Name="SILPILModeSetting">automated</P>
      <P Name="SILPILSystemUnderTest">topmodel</P>
      <P Name="SILPILSimulationModeTopModel">normal</P>
      <P Name="SILPILSimulationModeModelRef">normal</P>
      <P Name="SimTabSimulationMode">normal</P>
      <P Name="CodeVerificationMode">software-in-the-loop (sil)</P>
      <P Name="PauseTimes">5</P>
      <P Name="NumberOfSteps">1</P>
      <P Name="SnapshotBufferSize">10</P>
      <P Name="SnapshotInterval">10</P>
      <P Name="NumberOfLastSnapshots">0</P>
      <P Name="EnablePacing">off</P>
      <P Name="PacingRate">1</P>
      <P Name="LinearizationMsg">none</P>
      <P Name="Profile">off</P>
      <P Name="ParamWorkspaceSource">MATLABWorkspace</P>
      <P Name="AccelSystemTargetFile">accel.tlc</P>
      <P Name="AccelTemplateMakefile">accel_default_tmf</P>
      <P Name="AccelMakeCommand">make_rtw</P>
      <P Name="TryForcingSFcnDF">off</P>
      <Object PropName="DataLoggingOverride" ObjectID="1" ClassName="Simulink.SimulationData.ModelLoggingInfo">
        <P Name="model_" Class="char">$bdroot</P>
        <P Name="overrideMode_" Class="uint32">0U</P>
        <Array PropName="logAsSpecifiedByModels_" Type="Cell" Dimension="1*1">
          <Cell Class="char">$bdroot</Cell>
        </Array>
        <Array PropName="logAsSpecifiedByModelsSSIDs_" Type="Cell" Dimension="1*1">
          <Cell Class="double">[]</Cell>
        </Array>
      </Object>
    </SimulationSettings>
    <ExternalMode>
      <P Name="ExtModeBatchMode">off</P>
      <P Name="ExtModeEnableFloating">on</P>
      <P Name="ExtModeTrigType">manual</P>
      <P Name="ExtModeTrigMode">normal</P>
      <P Name="ExtModeTrigPort">1</P>
      <P Name="ExtModeTrigElement">any</P>
      <P Name="ExtModeTrigDuration">1000</P>
      <P Name="ExtModeTrigDurationFloating">auto</P>
      <P Name="ExtModeTrigHoldOff">0</P>
      <P Name="ExtModeTrigDelay">0</P>
      <P Name="ExtModeTrigDirection">rising</P>
      <P Name="ExtModeTrigLevel">0</P>
      <P Name="ExtModeArchiveMode">off</P>
      <P Name="ExtModeAutoIncOneShot">off</P>
      <P Name="ExtModeIncDirWhenArm">off</P>
      <P Name="ExtModeAddSuffixToVar">off</P>
      <P Name="ExtModeWriteAllDataToWs">off</P>
      <P Name="ExtModeArmWhenConnect">on</P>
      <P Name="ExtModeSkipDownloadWhenConnect">off</P>
      <P Name="ExtModeLogAll">on</P>
      <P Name="ExtModeAutoUpdateStatusClock">on</P>
    </ExternalMode>
    <ModelReferenceSettings>
      <P Name="ShowModelReferenceBlockVersion">off</P>
      <P Name="ShowModelReferenceBlockIO">off</P>
      <P Name="OrderedModelArguments">on</P>
    </ModelReferenceSettings>
    <ConcurrentExecutionSettings>
      <Object PropName="DataTransfer" ObjectID="2" ClassName="Simulink.GlobalDataTransfer">
        <P Name="DefaultTransitionBetweenSyncTasks" Class="char">Ensure deterministic transfer (maximum delay)</P>
        <P Name="DefaultTransitionBetweenAsyncTasks" Class="char">Ensure data integrity only</P>
        <P Name="DefaultTransitionBetweenContTasks" Class="char">Ensure deterministic transfer (minimum delay)</P>
        <P Name="DefaultExtrapolationMethodBetweenContTasks" Class="char">None</P>
      </Object>
      <P Name="ExplicitPartitioning">off</P>
    </ConcurrentExecutionSettings>
    <System>
      <P Name="Location">[8, 8, 1944, 1064]</P>
      <P Name="Open">on</P>
      <P Name="SetExecutionDomain">off</P>
      <P Name="ExecutionDomainType">Deduce</P>
      <P Name="ZoomFactor">94</P>
      <P Name="ReportName">simulink-default.rpt</P>
      <P Name="SIDHighWatermark">235</P>
      <P Name="SimulinkSubDomain">Simulink</P>
      <Block BlockType="Reference" Name="6DoF Animation" SID="140">
        <P Name="Ports">[2]</P>
        <P Name="Position">[1130, 249, 1210, 331]</P>
        <P Name="ZOrder">640</P>
        <P Name="Commented">on</P>
        <P Name="LibraryVersion">1.99</P>
        <P Name="SourceBlock">aerolibanim/6DoF Animation</P>
        <P Name="SourceType">6DoF_Animation</P>
        <P Name="SourceProductName">Aerospace Blockset</P>
        <P Name="SourceProductBaseCode">AE</P>
        <InstanceData>
          <P Name="ContentPreviewEnabled">on</P>
          <P Name="u1">[-2000 2000 -2000 2000 -2000 2000]</P>
          <P Name="u2">0.1</P>
          <P Name="u3">1000</P>
          <P Name="u4">[0 0 0]</P>
          <P Name="u5">Fixed position</P>
          <P Name="u6">[500 500 500]</P>
          <P Name="u7">60</P>
          <P Name="u8">on</P>
        </InstanceData>
      </Block>
      <Block BlockType="Reference" Name="Angle Conversion" SID="172">
        <P Name="Ports">[1, 1]</P>
        <P Name="Position">[940, 375, 1030, 405]</P>
        <P Name="ZOrder">1304</P>
        <P Name="LibraryVersion">1.142</P>
        <P Name="SourceBlock">aerolibconvert2/Angle Conversion</P>
        <P Name="SourceType">Angle Conversion</P>
        <P Name="SourceProductName">Aerospace Blockset</P>
        <P Name="SourceProductBaseCode">AE</P>
        <InstanceData>
          <P Name="ContentPreviewEnabled">on</P>
          <P Name="IU">rad</P>
          <P Name="OU">deg</P>
        </InstanceData>
        <Port>
          <P Name="PortNumber">1</P>
          <P Name="Name">angle deg</P>
        </Port>
      </Block>
      <Block BlockType="Reference" Name="Angular Velocity&#xA;Conversion" SID="171">
        <P Name="Ports">[1, 1]</P>
        <P Name="Position">[940, 435, 1030, 465]</P>
        <P Name="ZOrder">1303</P>
        <P Name="LibraryVersion">1.142</P>
        <P Name="SourceBlock">aerolibconvert2/Angular Velocity
Conversion</P>
        <P Name="SourceType">Angular Velocity Conversion</P>
        <P Name="SourceProductName">Aerospace Blockset</P>
        <P Name="SourceProductBaseCode">AE</P>
        <InstanceData>
          <P Name="ContentPreviewEnabled">on</P>
          <P Name="IU">rad/s</P>
          <P Name="OU">deg/s</P>
        </InstanceData>
        <Port>
          <P Name="PortNumber">1</P>
          <P Name="Name">rate deg/s</P>
        </Port>
      </Block>
      <Block BlockType="SubSystem" Name="Basic Gravity (first order)" SID="180">
        <P Name="Ports">[1, 1]</P>
        <P Name="Position">[250, 745, 390, 805]</P>
        <P Name="ZOrder">1328</P>
        <P Name="Commented">on</P>
        <P Name="RequestExecContextInheritance">off</P>
        <P Name="ContentPreviewEnabled">on</P>
        <System>
          <P Name="Location">[-8, -8, 1928, 1048]</P>
          <P Name="SetExecutionDomain">off</P>
          <P Name="ExecutionDomainType">Deduce</P>
          <P Name="ZoomFactor">150</P>
          <P Name="SimulinkSubDomain">Simulink</P>
          <Block BlockType="Inport" Name="XYZ_ECI" SID="181">
            <P Name="Position">[-35, 118, -5, 132]</P>
            <P Name="ZOrder">1313</P>
            <P Name="IconDisplay">Port number</P>
          </Block>
          <Block BlockType="Abs" Name="Abs" SID="188">
            <P Name="Position">[105, 140, 135, 170]</P>
            <P Name="ZOrder">1320</P>
            <P Name="SaturateOnIntegerOverflow">off</P>
          </Block>
          <Block BlockType="Sum" Name="Add" SID="177">
            <P Name="Ports">[3, 1]</P>
            <P Name="Position">[285, 66, 295, 264]</P>
            <P Name="ZOrder">1309</P>
            <P Name="Inputs">+++</P>
            <P Name="InputSameDT">off</P>
            <P Name="OutDataTypeStr">Inherit: Inherit via internal rule</P>
            <P Name="SaturateOnIntegerOverflow">off</P>
            <Port>
              <P Name="PortNumber">1</P>
              <P Name="Name">r²</P>
            </Port>
          </Block>
          <Block BlockType="Constant" Name="Constant" SID="178">
            <P Name="Position">[200, 20, 285, 50]</P>
            <P Name="ZOrder">1311</P>
            <P Name="Value">-mu_Earth</P>
          </Block>
          <Block BlockType="Constant" Name="Constant3" SID="186">
            <P Name="Position">[145, 274, 175, 296]</P>
            <P Name="ZOrder">1318</P>
            <P Name="Value">3</P>
          </Block>
          <Block BlockType="Demux" Name="Demux1" SID="174">
            <P Name="Ports">[1, 3]</P>
            <P Name="Position">[160, 54, 165, 256]</P>
            <P Name="ZOrder">1306</P>
            <P Name="ShowName">off</P>
            <P Name="Outputs">3</P>
            <P Name="DisplayOption">bar</P>
          </Block>
          <Block BlockType="Product" Name="Divide" SID="179">
            <P Name="Ports">[2, 1]</P>
            <P Name="Position">[355, 102, 385, 133]</P>
            <P Name="ZOrder">1312</P>
            <P Name="Inputs">*/</P>
            <P Name="InputSameDT">off</P>
            <P Name="OutDataTypeStr">Inherit: Inherit via internal rule</P>
            <P Name="RndMeth">Floor</P>
            <P Name="SaturateOnIntegerOverflow">off</P>
          </Block>
          <Block BlockType="Product" Name="Product" SID="183">
            <P Name="Ports">[2, 1]</P>
            <P Name="Position">[495, 97, 525, 128]</P>
            <P Name="ZOrder">1315</P>
            <P Name="InputSameDT">off</P>
            <P Name="OutDataTypeStr">Inherit: Inherit via internal rule</P>
            <P Name="RndMeth">Floor</P>
            <P Name="SaturateOnIntegerOverflow">off</P>
          </Block>
          <Block BlockType="Math" Name="Square" SID="173">
            <P Name="Ports">[2, 1]</P>
            <P Name="Position">[225, 82, 255, 113]</P>
            <P Name="ZOrder">1305</P>
            <P Name="Operator">pow</P>
            <P Name="SignedPower">off</P>
          </Block>
          <Block BlockType="Math" Name="Square1" SID="175">
            <P Name="Ports">[2, 1]</P>
            <P Name="Position">[225, 147, 255, 178]</P>
            <P Name="ZOrder">1307</P>
            <P Name="Operator">pow</P>
            <P Name="SignedPower">off</P>
          </Block>
          <Block BlockType="Math" Name="Square2" SID="176">
            <P Name="Ports">[2, 1]</P>
            <P Name="Position">[225, 212, 255, 243]</P>
            <P Name="ZOrder">1308</P>
            <P Name="Operator">pow</P>
            <P Name="SignedPower">off</P>
          </Block>
          <Block BlockType="Outport" Name="g_ECI (m/s²)" SID="182">
            <P Name="Position">[635, 108, 665, 122]</P>
            <P Name="ZOrder">1314</P>
            <P Name="IconDisplay">Port number</P>
          </Block>
          <Line>
            <P Name="ZOrder">1</P>
            <P Name="Src">174#out:2</P>
            <P Name="Dst">175#in:1</P>
          </Line>
          <Line>
            <P Name="ZOrder">2</P>
            <P Name="Src">174#out:3</P>
            <P Name="Dst">176#in:1</P>
          </Line>
          <Line>
            <P Name="ZOrder">3</P>
            <P Name="Src">173#out:1</P>
            <P Name="Dst">177#in:1</P>
          </Line>
          <Line>
            <P Name="ZOrder">4</P>
            <P Name="Src">175#out:1</P>
            <P Name="Dst">177#in:2</P>
          </Line>
          <Line>
            <P Name="Name">r²</P>
            <P Name="ZOrder">5</P>
            <P Name="Labels">[2, 1]</P>
            <P Name="Src">177#out:1</P>
            <P Name="Points">[25, 0; 0, -40]</P>
            <P Name="Dst">179#in:2</P>
          </Line>
          <Line>
            <P Name="ZOrder">6</P>
            <P Name="Src">174#out:1</P>
            <P Name="Dst">173#in:1</P>
          </Line>
          <Line>
            <P Name="ZOrder">7</P>
            <P Name="Src">176#out:1</P>
            <P Name="Dst">177#in:3</P>
          </Line>
          <Line>
            <P Name="ZOrder">8</P>
            <P Name="Src">178#out:1</P>
            <P Name="Points">[35, 0; 0, 75]</P>
            <P Name="Dst">179#in:1</P>
          </Line>
          <Line>
            <P Name="ZOrder">9</P>
            <P Name="Src">179#out:1</P>
            <P Name="Dst">183#in:2</P>
          </Line>
          <Line>
            <P Name="ZOrder">10</P>
            <P Name="Src">183#out:1</P>
            <P Name="Dst">182#in:1</P>
          </Line>
          <Line>
            <P Name="ZOrder">11</P>
            <P Name="Src">186#out:1</P>
            <P Name="Points">[20, 0; 0, -50]</P>
            <Branch>
              <P Name="ZOrder">12</P>
              <P Name="Points">[0, -65]</P>
              <Branch>
                <P Name="ZOrder">13</P>
                <P Name="Points">[0, -65]</P>
                <P Name="Dst">173#in:2</P>
              </Branch>
              <Branch>
                <P Name="ZOrder">14</P>
                <P Name="Dst">175#in:2</P>
              </Branch>
            </Branch>
            <Branch>
              <P Name="ZOrder">15</P>
              <P Name="Dst">176#in:2</P>
            </Branch>
          </Line>
          <Line>
            <P Name="ZOrder">16</P>
            <P Name="Src">181#out:1</P>
            <P Name="Points">[80, 0]</P>
            <Branch>
              <P Name="ZOrder">17</P>
              <P Name="Points">[0, -143; 360, 0; 0, 123]</P>
              <P Name="Dst">183#in:1</P>
            </Branch>
            <Branch>
              <P Name="ZOrder">18</P>
              <P Name="Points">[0, 30]</P>
              <P Name="Dst">188#in:1</P>
            </Branch>
          </Line>
          <Line>
            <P Name="ZOrder">19</P>
            <P Name="Src">188#out:1</P>
            <P Name="Dst">174#in:1</P>
          </Line>
        </System>
      </Block>
      <Block BlockType="Reference" Name="Basic Orbit View" SID="164">
        <P Name="Ports">[2]</P>
        <P Name="Position">[1105, 95, 1135, 130]</P>
        <P Name="ZOrder">650</P>
        <P Name="LibraryVersion">1.453</P>
        <P Name="SourceBlock">simulink/Sinks/XY Graph</P>
        <P Name="SourceType">XY scope.</P>
        <P Name="SourceProductName">Simulink</P>
        <P Name="SourceProductBaseCode">SL</P>
        <InstanceData>
          <P Name="ContentPreviewEnabled">on</P>
          <P Name="xmin">-10000000</P>
          <P Name="xmax">10000000</P>
          <P Name="ymin">-10000000</P>
          <P Name="ymax">10000000</P>
          <P Name="st">-1</P>
        </InstanceData>
      </Block>
      <Block BlockType="Constant" Name="Constant1" SID="121">
        <P Name="Position">[475, 462, 530, 488]</P>
        <P Name="ZOrder">621</P>
        <P Name="Value">[0 0 0]</P>
      </Block>
      <Block BlockType="Demux" Name="Demux" SID="165">
        <P Name="Ports">[1, 3]</P>
        <P Name="Position">[1010, 100, 1015, 140]</P>
        <P Name="ZOrder">651</P>
        <P Name="ShowName">off</P>
        <P Name="Outputs">3</P>
        <P Name="DisplayOption">bar</P>
      </Block>
      <Block BlockType="SubSystem" Name="Demuxer" SID="148">
        <P Name="Ports">[1, 4]</P>
        <P Name="Position">[825, 238, 895, 482]</P>
        <P Name="ZOrder">646</P>
        <P Name="RequestExecContextInheritance">off</P>
        <P Name="ContentPreviewEnabled">on</P>
        <System>
          <P Name="Location">[-8, -8, 1928, 1048]</P>
          <P Name="SetExecutionDomain">off</P>
          <P Name="ExecutionDomainType">Deduce</P>
          <P Name="ZoomFactor">200</P>
          <P Name="SimulinkSubDomain">Simulink</P>
          <Block BlockType="Inport" Name="U" SID="149">
            <P Name="Position">[20, 138, 50, 152]</P>
            <P Name="ZOrder">633</P>
            <P Name="IconDisplay">Port number</P>
          </Block>
          <Block BlockType="Demux" Name="Demux" SID="132">
            <P Name="Ports">[1, 4]</P>
            <P Name="Position">[75, 23, 80, 267]</P>
            <P Name="ZOrder">632</P>
            <P Name="ShowName">off</P>
            <P Name="DisplayOption">bar</P>
          </Block>
          <Block BlockType="Outport" Name="X_ECI" SID="150">
            <P Name="Position">[100, 48, 130, 62]</P>
            <P Name="ZOrder">634</P>
            <P Name="IconDisplay">Port number</P>
          </Block>
          <Block BlockType="Outport" Name="dX/dt_ECI" SID="151">
            <P Name="Position">[100, 108, 130, 122]</P>
            <P Name="ZOrder">635</P>
            <P Name="Port">2</P>
            <P Name="IconDisplay">Port number</P>
          </Block>
          <Block BlockType="Outport" Name="Angle_ECI" SID="152">
            <P Name="Position">[100, 168, 130, 182]</P>
            <P Name="ZOrder">636</P>
            <P Name="Port">3</P>
            <P Name="IconDisplay">Port number</P>
          </Block>
          <Block BlockType="Outport" Name="Rate_ECI" SID="153">
            <P Name="Position">[100, 228, 130, 242]</P>
            <P Name="ZOrder">637</P>
            <P Name="Port">4</P>
            <P Name="IconDisplay">Port number</P>
          </Block>
          <Line>
            <P Name="ZOrder">280</P>
            <P Name="Src">132#out:3</P>
            <P Name="Dst">152#in:1</P>
          </Line>
          <Line>
            <P Name="ZOrder">278</P>
            <P Name="Src">132#out:1</P>
            <P Name="Dst">150#in:1</P>
          </Line>
          <Line>
            <P Name="ZOrder">279</P>
            <P Name="Src">132#out:2</P>
            <P Name="Dst">151#in:1</P>
          </Line>
          <Line>
            <P Name="ZOrder">277</P>
            <P Name="Src">149#out:1</P>
            <P Name="Dst">132#in:1</P>
          </Line>
          <Line>
            <P Name="ZOrder">281</P>
            <P Name="Src">132#out:4</P>
            <P Name="Dst">153#in:1</P>
          </Line>
        </System>
      </Block>
      <Block BlockType="SubSystem" Name="Demuxer1" SID="154">
        <P Name="Ports">[1, 4]</P>
        <P Name="Position">[5, 563, 75, 807]</P>
        <P Name="ZOrder">647</P>
        <P Name="RequestExecContextInheritance">off</P>
        <P Name="ContentPreviewEnabled">on</P>
        <System>
          <P Name="Location">[-8, -8, 1928, 1048]</P>
          <P Name="SetExecutionDomain">off</P>
          <P Name="ExecutionDomainType">Deduce</P>
          <P Name="ZoomFactor">125</P>
          <P Name="SimulinkSubDomain">Simulink</P>
          <Block BlockType="Inport" Name="U" SID="155">
            <P Name="Position">[20, 138, 50, 152]</P>
            <P Name="ZOrder">633</P>
            <P Name="IconDisplay">Port number</P>
          </Block>
          <Block BlockType="Demux" Name="Demux" SID="156">
            <P Name="Ports">[1, 4]</P>
            <P Name="Position">[75, 23, 80, 267]</P>
            <P Name="ZOrder">632</P>
            <P Name="ShowName">off</P>
            <P Name="DisplayOption">bar</P>
          </Block>
          <Block BlockType="Outport" Name="X_ECI" SID="157">
            <P Name="Position">[100, 48, 130, 62]</P>
            <P Name="ZOrder">634</P>
            <P Name="IconDisplay">Port number</P>
          </Block>
          <Block BlockType="Outport" Name="dX/dt_ECI" SID="158">
            <P Name="Position">[100, 108, 130, 122]</P>
            <P Name="ZOrder">635</P>
            <P Name="Port">2</P>
            <P Name="IconDisplay">Port number</P>
          </Block>
          <Block BlockType="Outport" Name="Angle_Body" SID="159">
            <P Name="Position">[100, 168, 130, 182]</P>
            <P Name="ZOrder">636</P>
            <P Name="Port">3</P>
            <P Name="IconDisplay">Port number</P>
          </Block>
          <Block BlockType="Outport" Name="Rate_body" SID="160">
            <P Name="Position">[100, 228, 130, 242]</P>
            <P Name="ZOrder">637</P>
            <P Name="Port">4</P>
            <P Name="IconDisplay">Port number</P>
          </Block>
          <Line>
            <P Name="ZOrder">1</P>
            <P Name="Src">156#out:3</P>
            <P Name="Dst">159#in:1</P>
          </Line>
          <Line>
            <P Name="ZOrder">2</P>
            <P Name="Src">156#out:1</P>
            <P Name="Dst">157#in:1</P>
          </Line>
          <Line>
            <P Name="ZOrder">3</P>
            <P Name="Src">156#out:2</P>
            <P Name="Dst">158#in:1</P>
          </Line>
          <Line>
            <P Name="ZOrder">4</P>
            <P Name="Src">155#out:1</P>
            <P Name="Dst">156#in:1</P>
          </Line>
          <Line>
            <P Name="ZOrder">5</P>
            <P Name="Src">156#out:4</P>
            <P Name="Dst">160#in:1</P>
          </Line>
        </System>
      </Block>
      <Block BlockType="SubSystem" Name="Dynamics block" SID="112">
        <P Name="Ports">[5, 1]</P>
        <P Name="Position">[600, 457, 740, 653]</P>
        <P Name="ZOrder">618</P>
        <P Name="RequestExecContextInheritance">off</P>
        <P Name="ContentPreviewEnabled">on</P>
        <System>
          <P Name="Location">[-8, -8, 1374, 736]</P>
          <P Name="Open">on</P>
          <P Name="SetExecutionDomain">off</P>
          <P Name="ExecutionDomainType">Deduce</P>
          <P Name="ZoomFactor">101</P>
          <P Name="SimulinkSubDomain">Simulink</P>
          <Block BlockType="Inport" Name="magnetometer torque" SID="113">
            <P Name="Position">[-95, 103, -65, 117]</P>
            <P Name="ZOrder">617</P>
            <P Name="IconDisplay">Port number</P>
          </Block>
          <Block BlockType="Inport" Name="reaction wheel torque" SID="114">
            <P Name="Position">[-95, 133, -65, 147]</P>
            <P Name="ZOrder">618</P>
            <P Name="Port">2</P>
            <P Name="IconDisplay">Port number</P>
            <P Name="PortDimensions">3</P>
          </Block>
          <Block BlockType="Inport" Name="disturbances" SID="115">
            <P Name="Position">[-95, 163, -65, 177]</P>
            <P Name="ZOrder">619</P>
            <P Name="Port">3</P>
            <P Name="IconDisplay">Port number</P>
            <P Name="PortDimensions">3</P>
          </Block>
          <Block BlockType="Inport" Name="gravitation" SID="116">
            <P Name="Position">[-95, 28, -65, 42]</P>
            <P Name="ZOrder">620</P>
            <P Name="Port">4</P>
            <P Name="IconDisplay">Port number</P>
            <P Name="PortDimensions">3</P>
          </Block>
          <Block BlockType="Inport" Name="thust" SID="117">
            <P Name="Position">[-95, 58, -65, 72]</P>
            <P Name="ZOrder">621</P>
            <P Name="Port">5</P>
            <P Name="IconDisplay">Port number</P>
            <P Name="PortDimensions">3</P>
          </Block>
          <Block BlockType="Reference" Name="6DOF (Euler Angles) in ECI frame" SID="85">
            <P Name="Ports">[2, 8]</P>
            <P Name="Position">[450, 29, 650, 246]</P>
            <P Name="ZOrder">598</P>
            <P Name="HideAutomaticName">off</P>
            <P Name="LibraryVersion">1.54</P>
            <P Name="SourceBlock">shared6dof/6DOF (Euler Angles)</P>
            <P Name="SourceType">6DOF EoM (Body Axis)</P>
            <P Name="SourceProductName">Aerospace Blockset</P>
            <P Name="SourceProductBaseCode">AE</P>
            <InstanceData>
              <P Name="ContentPreviewEnabled">on</P>
              <P Name="units">Metric (MKS)</P>
              <P Name="mtype">Custom Variable</P>
              <P Name="rep">Quaternion</P>
              <P Name="xme_0">[7000000 0 0]</P>
              <P Name="Vm_0">[0 7300 0]</P>
              <P Name="eul_0">[0 0 0]</P>
              <P Name="pm_0">[0 0 0]</P>
              <P Name="mass_0">1.0</P>
              <P Name="mass_e">0.5</P>
              <P Name="mass_f">2.0</P>
              <P Name="inertia">eye(3)</P>
              <P Name="inertia_e">eye(3)</P>
              <P Name="inertia_f">2*eye(3)</P>
              <P Name="k_quat">1.0</P>
              <P Name="vre_flag">off</P>
              <P Name="abi_flag">off</P>
              <P Name="aMode">0</P>
              <P Name="xme_statename">&apos;&apos;</P>
              <P Name="Vm_statename">&apos;&apos;</P>
              <P Name="eul_statename">&apos;&apos;</P>
              <P Name="quat_statename">&apos;&apos;</P>
              <P Name="pm_statename">&apos;&apos;</P>
              <P Name="mass_statename">&apos;&apos;</P>
            </InstanceData>
            <Port>
              <P Name="PortNumber">1</P>
              <P Name="Name">speed</P>
            </Port>
            <Port>
              <P Name="PortNumber">2</P>
              <P Name="Name">pos</P>
            </Port>
            <Port>
              <P Name="PortNumber">3</P>
              <P Name="Name">angle</P>
            </Port>
            <Port>
              <P Name="PortNumber">6</P>
              <P Name="Name">rate</P>
            </Port>
          </Block>
          <Block BlockType="Constant" Name="Constant" SID="74">
            <P Name="Position">[380, -95, 410, -65]</P>
            <P Name="ZOrder">625</P>
            <P Name="Value">I_sat</P>
          </Block>
          <Block BlockType="Constant" Name="Constant1" SID="75">
            <P Name="Position">[370, 125, 400, 155]</P>
            <P Name="ZOrder">588</P>
            <P Name="Value">mass</P>
          </Block>
          <Block BlockType="Constant" Name="Constant2" SID="169">
            <P Name="Position">[-10, -10, 20, 20]</P>
            <P Name="ZOrder">1266</P>
            <P Name="Value">mass</P>
          </Block>
          <Block BlockType="From" Name="From" SID="73">
            <P Name="Position">[365, 215, 405, 245]</P>
            <P Name="ZOrder">586</P>
            <P Name="GotoTag">I_tot</P>
          </Block>
          <Block BlockType="Goto" Name="Goto" SID="71">
            <P Name="Position">[495, -75, 535, -45]</P>
            <P Name="ZOrder">624</P>
            <P Name="GotoTag">I_tot</P>
          </Block>
          <Block BlockType="Ground" Name="Ground1" SID="80">
            <P Name="Position">[375, 175, 395, 195]</P>
            <P Name="ZOrder">593</P>
          </Block>
          <Block BlockType="Ground" Name="Ground2" SID="83">
            <P Name="Position">[385, -55, 405, -35]</P>
            <P Name="ZOrder">626</P>
          </Block>
          <Block BlockType="Mux" Name="Mux" SID="108">
            <P Name="Ports">[4, 1]</P>
            <P Name="Position">[795, 31, 800, 204]</P>
            <P Name="ZOrder">616</P>
            <P Name="ShowName">off</P>
            <P Name="DisplayOption">bar</P>
          </Block>
          <Block BlockType="Product" Name="Product" SID="170">
            <P Name="Ports">[2, 1]</P>
            <P Name="Position">[55, 12, 85, 43]</P>
            <P Name="ZOrder">1267</P>
            <P Name="InputSameDT">off</P>
            <P Name="OutDataTypeStr">Inherit: Inherit via internal rule</P>
            <P Name="RndMeth">Floor</P>
            <P Name="SaturateOnIntegerOverflow">off</P>
          </Block>
          <Block BlockType="Sum" Name="Sum" SID="70">
            <P Name="Ports">[2, 1]</P>
            <P Name="Position">[435, -98, 460, -27]</P>
            <P Name="ZOrder">623</P>
            <P Name="ShowName">off</P>
            <P Name="InputSameDT">off</P>
            <P Name="OutDataTypeStr">Inherit: Inherit via internal rule</P>
            <P Name="SaturateOnIntegerOverflow">off</P>
          </Block>
          <Block BlockType="Sum" Name="Sum1" SID="66">
            <P Name="Ports">[2, 1]</P>
            <P Name="Position">[120, 11, 140, 84]</P>
            <P Name="ZOrder">574</P>
            <P Name="ShowName">off</P>
            <P Name="InputSameDT">off</P>
            <P Name="OutDataTypeStr">Inherit: Inherit via internal rule</P>
            <P Name="SaturateOnIntegerOverflow">off</P>
          </Block>
          <Block BlockType="Sum" Name="Sum2" SID="67">
            <P Name="Ports">[3, 1]</P>
            <P Name="Position">[120, 94, 140, 186]</P>
            <P Name="ZOrder">575</P>
            <P Name="ShowName">off</P>
            <P Name="Inputs">+++</P>
            <P Name="InputSameDT">off</P>
            <P Name="OutDataTypeStr">Inherit: Inherit via internal rule</P>
            <P Name="SaturateOnIntegerOverflow">off</P>
          </Block>
          <Block BlockType="Terminator" Name="Terminator" SID="104">
            <P Name="Position">[685, 115, 705, 135]</P>
            <P Name="ZOrder">612</P>
          </Block>
          <Block BlockType="Terminator" Name="Terminator1" SID="105">
            <P Name="Position">[685, 140, 705, 160]</P>
            <P Name="ZOrder">613</P>
          </Block>
          <Block BlockType="Terminator" Name="Terminator2" SID="106">
            <P Name="Position">[685, 190, 705, 210]</P>
            <P Name="ZOrder">614</P>
          </Block>
          <Block BlockType="Terminator" Name="Terminator3" SID="107">
            <P Name="Position">[685, 215, 705, 235]</P>
            <P Name="ZOrder">615</P>
          </Block>
          <Block BlockType="Outport" Name="U" SID="118">
            <P Name="Position">[855, 113, 885, 127]</P>
            <P Name="ZOrder">622</P>
            <P Name="IconDisplay">Port number</P>
            <P Name="PortDimensions">12</P>
          </Block>
          <Line>
            <P Name="Name">speed</P>
            <P Name="ZOrder">212</P>
            <P Name="Labels">[1, 1]</P>
            <P Name="Src">85#out:1</P>
            <P Name="Points">[57, 0; 0, 45]</P>
            <P Name="Dst">108#in:2</P>
          </Line>
          <Line>
            <P Name="ZOrder">180</P>
            <P Name="Src">73#out:1</P>
            <P Name="Points">[35, 0]</P>
          </Line>
          <Line>
            <P Name="Name">pos</P>
            <P Name="ZOrder">213</P>
            <P Name="Labels">[1, 1]</P>
            <P Name="Src">85#out:2</P>
            <P Name="Points">[68, 0; 0, -25]</P>
            <P Name="Dst">108#in:1</P>
          </Line>
          <Line>
            <P Name="ZOrder">223</P>
            <P Name="Src">114#out:1</P>
            <P Name="Dst">67#in:2</P>
          </Line>
          <Line>
            <P Name="ZOrder">179</P>
            <P Name="Src">80#out:1</P>
            <P Name="Points">[45, 0]</P>
          </Line>
          <Line>
            <P Name="ZOrder">224</P>
            <P Name="Src">115#out:1</P>
            <P Name="Dst">67#in:3</P>
          </Line>
          <Line>
            <P Name="ZOrder">176</P>
            <P Name="Src">66#out:1</P>
            <P Name="Points">[290, 0]</P>
            <P Name="Dst">85#in:1</P>
          </Line>
          <Line>
            <P Name="ZOrder">226</P>
            <P Name="Src">117#out:1</P>
            <P Name="Dst">66#in:2</P>
          </Line>
          <Line>
            <P Name="ZOrder">222</P>
            <P Name="Src">113#out:1</P>
            <P Name="Dst">67#in:1</P>
          </Line>
          <Line>
            <P Name="ZOrder">227</P>
            <P Name="Src">108#out:1</P>
            <P Name="Dst">118#in:1</P>
          </Line>
          <Line>
            <P Name="ZOrder">177</P>
            <P Name="Src">67#out:1</P>
            <P Name="Points">[87, 0; 0, 55]</P>
            <P Name="Dst">85#in:2</P>
          </Line>
          <Line>
            <P Name="ZOrder">178</P>
            <P Name="Src">75#out:1</P>
            <P Name="Points">[40, 0]</P>
          </Line>
          <Line>
            <P Name="ZOrder">203</P>
            <P Name="Src">85#out:5</P>
            <P Name="Dst">105#in:1</P>
          </Line>
          <Line>
            <P Name="ZOrder">205</P>
            <P Name="Src">85#out:8</P>
            <P Name="Dst">107#in:1</P>
          </Line>
          <Line>
            <P Name="ZOrder">202</P>
            <P Name="Src">85#out:4</P>
            <P Name="Dst">104#in:1</P>
          </Line>
          <Line>
            <P Name="ZOrder">204</P>
            <P Name="Src">85#out:7</P>
            <P Name="Dst">106#in:1</P>
          </Line>
          <Line>
            <P Name="ZOrder">228</P>
            <P Name="Src">70#out:1</P>
            <P Name="Dst">71#in:1</P>
          </Line>
          <Line>
            <P Name="ZOrder">229</P>
            <P Name="Src">83#out:1</P>
            <P Name="Dst">70#in:2</P>
          </Line>
          <Line>
            <P Name="ZOrder">230</P>
            <P Name="Src">74#out:1</P>
            <P Name="Dst">70#in:1</P>
          </Line>
          <Line>
            <P Name="Name">rate</P>
            <P Name="ZOrder">241</P>
            <P Name="Labels">[0, 0]</P>
            <P Name="Src">85#out:6</P>
            <P Name="Points">[58, 0; 0, 10]</P>
            <P Name="Dst">108#in:4</P>
          </Line>
          <Line>
            <P Name="Name">angle</P>
            <P Name="ZOrder">242</P>
            <P Name="Labels">[0, 0]</P>
            <P Name="Src">85#out:3</P>
            <P Name="Points">[57, 0; 0, 40]</P>
            <P Name="Dst">108#in:3</P>
          </Line>
          <Line>
            <P Name="ZOrder">265</P>
            <P Name="Src">169#out:1</P>
            <P Name="Points">[13, 0; 0, 15]</P>
            <P Name="Dst">170#in:1</P>
          </Line>
          <Line>
            <P Name="ZOrder">266</P>
            <P Name="Src">116#out:1</P>
            <P Name="Dst">170#in:2</P>
          </Line>
          <Line>
            <P Name="ZOrder">267</P>
            <P Name="Src">170#out:1</P>
            <P Name="Dst">66#in:1</P>
          </Line>
        </System>
      </Block>
      <Block BlockType="Ground" Name="Ground" SID="122">
        <P Name="Position">[510, 505, 530, 525]</P>
        <P Name="ZOrder">622</P>
      </Block>
      <Block BlockType="Ground" Name="Ground1" SID="123">
        <P Name="Position">[510, 545, 530, 565]</P>
        <P Name="ZOrder">623</P>
      </Block>
      <Block BlockType="Ground" Name="Ground4" SID="125">
        <P Name="Position">[510, 625, 530, 645]</P>
        <P Name="ZOrder">625</P>
      </Block>
      <Block BlockType="Scope" Name="Scope" SID="126">
        <P Name="Ports">[1]</P>
        <P Name="Position">[1105, 374, 1135, 406]</P>
        <P Name="ZOrder">626</P>
        <P Name="ScopeSpecificationString">Simulink.scopes.TimeScopeBlockCfg(&apos;CurrentConfiguration&apos;, extmgr.ConfigurationSet(extmgr.Configuration(&apos;Core&apos;,&apos;General UI&apos;,true),extmgr.Configuration(&apos;Core&apos;,&apos;Source UI&apos;,true),extmgr.Configuration(&apos;Sources&apos;,&apos;WiredSimulink&apos;,true),extmgr.Configuration(&apos;Visuals&apos;,&apos;Time Domain&apos;,true,&apos;SerializedDisplays&apos;,{struct(&apos;MinYLimReal&apos;,&apos;-224.5009&apos;,&apos;MaxYLimReal&apos;,&apos;224.27998&apos;,&apos;YLabelReal&apos;,&apos;&apos;,&apos;MinYLimMag&apos;,&apos; 0.00000&apos;,&apos;MaxYLimMag&apos;,&apos;224.5009&apos;,&apos;LegendVisibility&apos;,&apos;On&apos;,&apos;XGrid&apos;,true,&apos;YGrid&apos;,true,&apos;PlotMagPhase&apos;,false,&apos;AxesColor&apos;,[0 0 0],&apos;AxesTickColor&apos;,[0.686274509803922 0.686274509803922 0.686274509803922],&apos;ColorOrder&apos;,[1 1 0.0666666666666667;0.0745098039215686 0.623529411764706 1;1 0.411764705882353 0.16078431372549;0.392156862745098 0.831372549019608 0.0745098039215686;0.717647058823529 0.274509803921569 1;0.0588235294117647 1 1;1 0.0745098039215686 0.650980392156863],&apos;Title&apos;,&apos;%&lt;SignalLabel&gt;&apos;,&apos;LinePropertiesCache&apos;,{{}},&apos;UserDefinedChannelNames&apos;,{{}},&apos;NumLines&apos;,3,&apos;LineNames&apos;,{{&apos;angle deg:1&apos;,&apos;angle deg:2&apos;,&apos;angle deg:3&apos;}},&apos;ShowContent&apos;,true,&apos;Placement&apos;,1)},&apos;DisplayPropertyDefaults&apos;,struct(&apos;MinYLimReal&apos;,&apos;-224.5009&apos;,&apos;MaxYLimReal&apos;,&apos;224.27998&apos;,&apos;YLabelReal&apos;,&apos;&apos;,&apos;MinYLimMag&apos;,&apos; 0.00000&apos;,&apos;MaxYLimMag&apos;,&apos;224.5009&apos;,&apos;LegendVisibility&apos;,&apos;On&apos;,&apos;XGrid&apos;,true,&apos;YGrid&apos;,true,&apos;PlotMagPhase&apos;,false,&apos;AxesColor&apos;,[0 0 0],&apos;AxesTickColor&apos;,[0.686274509803922 0.686274509803922 0.686274509803922],&apos;ColorOrder&apos;,[0.0745098039215686 0.623529411764706 1;1 0.411764705882353 0.16078431372549;1 1 0.0666666666666667;0.717647058823529 0.274509803921569 1;0.392156862745098 0.831372549019608 0.0745098039215686;0.0588235294117647 1 1;1 0.0745098039215686 0.650980392156863])),extmgr.Configuration(&apos;Tools&apos;,&apos;Plot Navigation&apos;,true),extmgr.Configuration(&apos;Tools&apos;,&apos;Measurements&apos;,true,&apos;Version&apos;,&apos;2019b&apos;)),&apos;Version&apos;,&apos;2019b&apos;,&apos;Position&apos;,[1 41 1920 963])</P>
        <P Name="NumInputPorts">1</P>
        <P Name="Floating">off</P>
      </Block>
      <Block BlockType="Scope" Name="Scope1" SID="134">
        <P Name="Ports">[1]</P>
        <P Name="Position">[1105, 434, 1135, 466]</P>
        <P Name="ZOrder">634</P>
        <P Name="ScopeSpecificationString">Simulink.scopes.TimeScopeBlockCfg(&apos;CurrentConfiguration&apos;, extmgr.ConfigurationSet(extmgr.Configuration(&apos;Core&apos;,&apos;General UI&apos;,true),extmgr.Configuration(&apos;Core&apos;,&apos;Source UI&apos;,true),extmgr.Configuration(&apos;Sources&apos;,&apos;WiredSimulink&apos;,true,&apos;DataLoggingVariableName&apos;,&apos;ScopeData1&apos;),extmgr.Configuration(&apos;Visuals&apos;,&apos;Time Domain&apos;,true,&apos;SerializedDisplays&apos;,{struct(&apos;MinYLimReal&apos;,&apos;-71.61972&apos;,&apos;MaxYLimReal&apos;,&apos;644.57752&apos;,&apos;YLabelReal&apos;,&apos;&apos;,&apos;MinYLimMag&apos;,&apos;0.00000&apos;,&apos;MaxYLimMag&apos;,&apos;644.57752&apos;,&apos;LegendVisibility&apos;,&apos;On&apos;,&apos;XGrid&apos;,true,&apos;YGrid&apos;,true,&apos;PlotMagPhase&apos;,false,&apos;AxesColor&apos;,[0 0 0],&apos;AxesTickColor&apos;,[0.686274509803922 0.686274509803922 0.686274509803922],&apos;ColorOrder&apos;,[1 1 0.0666666666666667;0.0745098039215686 0.623529411764706 1;1 0.411764705882353 0.16078431372549;0.392156862745098 0.831372549019608 0.0745098039215686;0.717647058823529 0.274509803921569 1;0.0588235294117647 1 1;1 0.0745098039215686 0.650980392156863],&apos;Title&apos;,&apos;%&lt;SignalLabel&gt;&apos;,&apos;LinePropertiesCache&apos;,{{}},&apos;UserDefinedChannelNames&apos;,{{}},&apos;NumLines&apos;,3,&apos;LineNames&apos;,{{&apos;rate deg/s:1&apos;,&apos;rate deg/s:2&apos;,&apos;rate deg/s:3&apos;}},&apos;ShowContent&apos;,true,&apos;Placement&apos;,1)},&apos;DisplayPropertyDefaults&apos;,struct(&apos;MinYLimReal&apos;,&apos;-71.61972&apos;,&apos;MaxYLimReal&apos;,&apos;644.57752&apos;,&apos;YLabelReal&apos;,&apos;&apos;,&apos;MinYLimMag&apos;,&apos;0.00000&apos;,&apos;MaxYLimMag&apos;,&apos;644.57752&apos;,&apos;LegendVisibility&apos;,&apos;On&apos;,&apos;XGrid&apos;,true,&apos;YGrid&apos;,true,&apos;PlotMagPhase&apos;,false,&apos;AxesColor&apos;,[0 0 0],&apos;AxesTickColor&apos;,[0.686274509803922 0.686274509803922 0.686274509803922],&apos;ColorOrder&apos;,[0.0745098039215686 0.623529411764706 1;1 0.411764705882353 0.16078431372549;1 1 0.0666666666666667;0.717647058823529 0.274509803921569 1;0.392156862745098 0.831372549019608 0.0745098039215686;0.0588235294117647 1 1;1 0.0745098039215686 0.650980392156863])),extmgr.Configuration(&apos;Tools&apos;,&apos;Plot Navigation&apos;,true),extmgr.Configuration(&apos;Tools&apos;,&apos;Measurements&apos;,true,&apos;Version&apos;,&apos;2019b&apos;)),&apos;Version&apos;,&apos;2019b&apos;,&apos;Position&apos;,[1 41 1920 963])</P>
        <P Name="NumInputPorts">1</P>
        <P Name="Floating">off</P>
      </Block>
      <Block BlockType="Scope" Name="Scope2" SID="167">
        <P Name="Ports">[1]</P>
        <P Name="Position">[1105, 174, 1135, 206]</P>
        <P Name="ZOrder">653</P>
        <P Name="ScopeSpecificationString">Simulink.scopes.TimeScopeBlockCfg(&apos;CurrentConfiguration&apos;, extmgr.ConfigurationSet(extmgr.Configuration(&apos;Core&apos;,&apos;General UI&apos;,true),extmgr.Configuration(&apos;Core&apos;,&apos;Source UI&apos;,true),extmgr.Configuration(&apos;Sources&apos;,&apos;WiredSimulink&apos;,true,&apos;DataLoggingVariableName&apos;,&apos;ScopeData1&apos;),extmgr.Configuration(&apos;Visuals&apos;,&apos;Time Domain&apos;,true,&apos;SerializedDisplays&apos;,{struct(&apos;MinYLimReal&apos;,&apos;-10591820.73697&apos;,&apos;MaxYLimReal&apos;,&apos;6143206.83971&apos;,&apos;YLabelReal&apos;,&apos;&apos;,&apos;MinYLimMag&apos;,&apos;      0.00000&apos;,&apos;MaxYLimMag&apos;,&apos;10591820.73697&apos;,&apos;LegendVisibility&apos;,&apos;On&apos;,&apos;XGrid&apos;,true,&apos;YGrid&apos;,true,&apos;PlotMagPhase&apos;,false,&apos;AxesColor&apos;,[0 0 0],&apos;AxesTickColor&apos;,[0.686274509803922 0.686274509803922 0.686274509803922],&apos;ColorOrder&apos;,[1 1 0.0666666666666667;0.0745098039215686 0.623529411764706 1;1 0.411764705882353 0.16078431372549;0.392156862745098 0.831372549019608 0.0745098039215686;0.717647058823529 0.274509803921569 1;0.0588235294117647 1 1;1 0.0745098039215686 0.650980392156863],&apos;Title&apos;,&apos;%&lt;SignalLabel&gt;&apos;,&apos;LinePropertiesCache&apos;,{{struct(&apos;Visible&apos;,&apos;off&apos;),struct(&apos;Visible&apos;,&apos;off&apos;),struct(&apos;Visible&apos;,&apos;off&apos;),struct(&apos;Visible&apos;,&apos;off&apos;),struct(&apos;Visible&apos;,&apos;on&apos;),struct(&apos;Visible&apos;,&apos;on&apos;)}},&apos;UserDefinedChannelNames&apos;,{{&apos;X&apos;,&apos;Y&apos;,&apos;Z&apos;}},&apos;NumLines&apos;,3,&apos;LineNames&apos;,{{&apos;X&apos;,&apos;Y&apos;,&apos;Z&apos;}},&apos;ShowContent&apos;,true,&apos;Placement&apos;,1)},&apos;DisplayPropertyDefaults&apos;,struct(&apos;MinYLimReal&apos;,&apos;-10591820.73697&apos;,&apos;MaxYLimReal&apos;,&apos;6143206.83971&apos;,&apos;YLabelReal&apos;,&apos;&apos;,&apos;MinYLimMag&apos;,&apos;      0.00000&apos;,&apos;MaxYLimMag&apos;,&apos;10591820.73697&apos;,&apos;LegendVisibility&apos;,&apos;On&apos;,&apos;XGrid&apos;,true,&apos;YGrid&apos;,true,&apos;PlotMagPhase&apos;,false,&apos;AxesColor&apos;,[0 0 0],&apos;AxesTickColor&apos;,[0.686274509803922 0.686274509803922 0.686274509803922],&apos;ColorOrder&apos;,[0.0745098039215686 0.623529411764706 1;1 0.411764705882353 0.16078431372549;1 1 0.0666666666666667;0.717647058823529 0.274509803921569 1;0.392156862745098 0.831372549019608 0.0745098039215686;0.0588235294117647 1 1;1 0.0745098039215686 0.650980392156863])),extmgr.Configuration(&apos;Tools&apos;,&apos;Plot Navigation&apos;,true,&apos;OnceAtStop&apos;,false,&apos;PreviousAutoscale&apos;,&apos;X&apos;),extmgr.Configuration(&apos;Tools&apos;,&apos;Measurements&apos;,true,&apos;Version&apos;,&apos;2019b&apos;)),&apos;Version&apos;,&apos;2019b&apos;,&apos;Position&apos;,[1265 343 560 423])</P>
        <P Name="NumInputPorts">1</P>
        <P Name="Floating">off</P>
      </Block>
      <Block BlockType="SubSystem" Name="Spherical Harmonic Gravity" SID="233">
        <P Name="Ports">[1, 1]</P>
        <P Name="Position">[175, 560, 465, 630]</P>
        <P Name="ZOrder">1346</P>
        <P Name="RequestExecContextInheritance">off</P>
        <P Name="ContentPreviewEnabled">on</P>
        <System>
          <P Name="Location">[-8, -8, 1928, 1048]</P>
          <P Name="SetExecutionDomain">off</P>
          <P Name="ExecutionDomainType">Deduce</P>
          <P Name="ZoomFactor">125</P>
          <P Name="SimulinkSubDomain">Simulink</P>
          <Block BlockType="Inport" Name="XYZ_ECI" SID="234">
            <P Name="Position">[20, 178, 50, 192]</P>
            <P Name="ZOrder">1344</P>
            <P Name="IconDisplay">Port number</P>
          </Block>
          <Block BlockType="Reference" Name="Direction Cosine Matrix&#xA;ECI to ECEF" SID="146">
            <P Name="Ports">[5, 1]</P>
            <P Name="Position">[205, 22, 275, 98]</P>
            <P Name="ZOrder">1326</P>
            <P Name="AttributesFormatString">%&lt;red&gt;</P>
            <P Name="LibraryVersion">1.496</P>
            <P Name="SourceBlock">aerolibtransform2/Direction Cosine Matrix
ECI to ECEF</P>
            <P Name="SourceType">DCMECItoECEF</P>
            <P Name="SourceProductName">Aerospace Blockset</P>
            <P Name="SourceProductBaseCode">AE</P>
            <InstanceData>
              <P Name="ContentPreviewEnabled">on</P>
              <P Name="red">IAU-2000/2006</P>
              <P Name="year">2020</P>
              <P Name="month">January</P>
              <P Name="day">1</P>
              <P Name="hour">0</P>
              <P Name="min">0</P>
              <P Name="sec">0</P>
              <P Name="deltaT">Day</P>
              <P Name="errorflag">Error</P>
              <P Name="extraparamflag">on</P>
            </InstanceData>
          </Block>
          <Block BlockType="Ground" Name="Ground2" SID="214">
            <P Name="Position">[145, 35, 165, 55]</P>
            <P Name="ZOrder">1334</P>
          </Block>
          <Block BlockType="Ground" Name="Ground3" SID="220">
            <P Name="Position">[145, 20, 165, 40]</P>
            <P Name="ZOrder">1340</P>
          </Block>
          <Block BlockType="Ground" Name="Ground5" SID="221">
            <P Name="Position">[145, 50, 165, 70]</P>
            <P Name="ZOrder">1341</P>
          </Block>
          <Block BlockType="Ground" Name="Ground6" SID="222">
            <P Name="Position">[145, 65, 165, 85]</P>
            <P Name="ZOrder">1342</P>
          </Block>
          <Block BlockType="Ground" Name="Ground7" SID="223">
            <P Name="Position">[145, 80, 165, 100]</P>
            <P Name="ZOrder">1343</P>
          </Block>
          <Block BlockType="Product" Name="Product" SID="162">
            <P Name="Ports">[2, 1]</P>
            <P Name="Position">[345, 149, 395, 196]</P>
            <P Name="ZOrder">1327</P>
            <P Name="Multiplication">Matrix(*)</P>
            <P Name="InputSameDT">off</P>
            <P Name="OutDataTypeStr">Inherit: Inherit via internal rule</P>
            <P Name="RndMeth">Floor</P>
            <P Name="SaturateOnIntegerOverflow">off</P>
          </Block>
          <Block BlockType="Product" Name="Product1" SID="215">
            <P Name="Ports">[2, 1]</P>
            <P Name="Position">[770, 139, 820, 186]</P>
            <P Name="ZOrder">1335</P>
            <P Name="Inputs">/*</P>
            <P Name="Multiplication">Matrix(*)</P>
            <P Name="InputSameDT">off</P>
            <P Name="OutDataTypeStr">Inherit: Inherit via internal rule</P>
            <P Name="RndMeth">Floor</P>
            <P Name="SaturateOnIntegerOverflow">off</P>
          </Block>
          <Block BlockType="Reference" Name="Spherical Harmonic Gravity Model" SID="145">
            <P Name="Ports">[1, 1]</P>
            <P Name="Position">[440, 136, 665, 214]</P>
            <P Name="ZOrder">1325</P>
            <P Name="LibraryVersion">1.563</P>
            <P Name="SourceBlock">aerolibgravity2/Spherical Harmonic Gravity Model</P>
            <P Name="SourceType">Spherical Harmonic Gravity Model</P>
            <P Name="SourceProductName">Aerospace Blockset</P>
            <P Name="SourceProductBaseCode">AE</P>
            <InstanceData>
              <P Name="ContentPreviewEnabled">on</P>
              <P Name="units">Metric (MKS)</P>
              <P Name="degree">100</P>
              <P Name="action">Warning</P>
              <P Name="ptype">EGM2008</P>
              <P Name="datafile">&apos;aerogmm2b.mat&apos;</P>
            </InstanceData>
          </Block>
          <Block BlockType="Math" Name="Transpose" SID="219">
            <P Name="Ports">[1, 1]</P>
            <P Name="Position">[705, 159, 735, 191]</P>
            <P Name="ZOrder">1339</P>
            <P Name="Operator">transpose</P>
            <P Name="SignedPower">off</P>
          </Block>
          <Block BlockType="Outport" Name="g_ECI (m/s²)" SID="235">
            <P Name="Position">[925, 158, 955, 172]</P>
            <P Name="ZOrder">1345</P>
            <P Name="IconDisplay">Port number</P>
          </Block>
          <Line>
            <P Name="ZOrder">444</P>
            <P Name="Src">221#out:1</P>
            <P Name="Dst">146#in:3</P>
          </Line>
          <Line>
            <P Name="ZOrder">396</P>
            <P Name="Src">146#out:1</P>
            <P Name="Points">[41, 0; 0, 52]</P>
            <Branch>
              <P Name="ZOrder">442</P>
              <P Name="Points">[432, 0; 0, 38]</P>
              <P Name="Dst">215#in:1</P>
            </Branch>
            <Branch>
              <P Name="ZOrder">432</P>
              <P Name="Points">[0, 48]</P>
              <P Name="Dst">162#in:1</P>
            </Branch>
          </Line>
          <Line>
            <P Name="ZOrder">440</P>
            <P Name="Src">219#out:1</P>
            <P Name="Dst">215#in:2</P>
          </Line>
          <Line>
            <P Name="ZOrder">443</P>
            <P Name="Src">220#out:1</P>
            <P Name="Dst">146#in:1</P>
          </Line>
          <Line>
            <P Name="ZOrder">446</P>
            <P Name="Src">223#out:1</P>
            <P Name="Dst">146#in:5</P>
          </Line>
          <Line>
            <P Name="ZOrder">409</P>
            <P Name="Src">214#out:1</P>
            <P Name="Dst">146#in:2</P>
          </Line>
          <Line>
            <P Name="ZOrder">407</P>
            <P Name="Src">162#out:1</P>
            <P Name="Dst">145#in:1</P>
          </Line>
          <Line>
            <P Name="ZOrder">439</P>
            <P Name="Src">145#out:1</P>
            <P Name="Dst">219#in:1</P>
          </Line>
          <Line>
            <P Name="ZOrder">449</P>
            <P Name="Src">234#out:1</P>
            <P Name="Dst">162#in:2</P>
          </Line>
          <Line>
            <P Name="ZOrder">445</P>
            <P Name="Src">222#out:1</P>
            <P Name="Dst">146#in:4</P>
          </Line>
          <Line>
            <P Name="ZOrder">450</P>
            <P Name="Src">215#out:1</P>
            <P Name="Dst">235#in:1</P>
          </Line>
        </System>
      </Block>
      <Block BlockType="Terminator" Name="Terminator" SID="166">
        <P Name="Position">[1035, 125, 1055, 145]</P>
        <P Name="ZOrder">652</P>
      </Block>
      <Block BlockType="Outport" Name="U" SID="111">
        <P Name="Position">[810, 548, 840, 562]</P>
        <P Name="ZOrder">617</P>
        <P Name="IconDisplay">Port number</P>
      </Block>
      <Line>
        <P Name="ZOrder">227</P>
        <P Name="Src">112#out:1</P>
        <P Name="Points">[25, 0]</P>
        <Branch>
          <P Name="ZOrder">426</P>
          <P Name="Dst">111#in:1</P>
        </Branch>
        <Branch>
          <P Name="ZOrder">272</P>
          <P Name="Points">[0, -195]</P>
          <Branch>
            <P Name="ZOrder">428</P>
            <P Name="Dst">148#in:1</P>
          </Branch>
          <Branch>
            <P Name="ZOrder">284</P>
            <P Name="Points">[-789, 0; 0, 325]</P>
            <P Name="Dst">154#in:1</P>
          </Branch>
        </Branch>
      </Line>
      <Line>
        <P Name="ZOrder">231</P>
        <P Name="Src">122#out:1</P>
        <P Name="Dst">112#in:2</P>
      </Line>
      <Line>
        <P Name="ZOrder">232</P>
        <P Name="Src">123#out:1</P>
        <P Name="Dst">112#in:3</P>
      </Line>
      <Line>
        <P Name="ZOrder">234</P>
        <P Name="Src">125#out:1</P>
        <P Name="Dst">112#in:5</P>
      </Line>
      <Line>
        <P Name="ZOrder">240</P>
        <P Name="Src">121#out:1</P>
        <P Name="Dst">112#in:1</P>
      </Line>
      <Line>
        <P Name="Name">angle deg</P>
        <P Name="ZOrder">333</P>
        <P Name="Labels">[1, 1]</P>
        <P Name="Src">172#out:1</P>
        <P Name="Dst">126#in:1</P>
      </Line>
      <Line>
        <P Name="Name">rate deg/s</P>
        <P Name="ZOrder">331</P>
        <P Name="Labels">[1, 1]</P>
        <P Name="Src">171#out:1</P>
        <P Name="Dst">134#in:1</P>
      </Line>
      <Line>
        <P Name="ZOrder">293</P>
        <P Name="Src">165#out:1</P>
        <P Name="Dst">164#in:1</P>
      </Line>
      <Line>
        <P Name="ZOrder">294</P>
        <P Name="Src">165#out:2</P>
        <P Name="Dst">164#in:2</P>
      </Line>
      <Line>
        <P Name="ZOrder">291</P>
        <P Name="Src">148#out:1</P>
        <P Name="Points">[77, 0; 0, -80]</P>
        <Branch>
          <P Name="ZOrder">301</P>
          <P Name="Dst">167#in:1</P>
        </Branch>
        <Branch>
          <P Name="ZOrder">300</P>
          <P Name="Points">[0, -70]</P>
          <P Name="Dst">165#in:1</P>
        </Branch>
      </Line>
      <Line>
        <P Name="ZOrder">298</P>
        <P Name="Src">165#out:3</P>
        <P Name="Dst">166#in:1</P>
      </Line>
      <Line>
        <P Name="ZOrder">330</P>
        <P Name="Src">148#out:4</P>
        <P Name="Dst">171#in:1</P>
      </Line>
      <Line>
        <P Name="ZOrder">332</P>
        <P Name="Src">148#out:3</P>
        <P Name="Dst">172#in:1</P>
      </Line>
      <Line>
        <P Name="ZOrder">469</P>
        <P Name="Src">154#out:1</P>
        <P Name="Dst">233#in:1</P>
      </Line>
      <Line>
        <P Name="ZOrder">470</P>
        <P Name="Src">233#out:1</P>
        <P Name="Dst">112#in:4</P>
      </Line>
    </System>
  </Model>
</ModelInformation>
