<?xml version="1.0" encoding="UTF-8"?>
<sltp_graph version="1.1" packageUris="http://schema.mathworks.com/mf0/sltp_mm/R2019b_201903251320">
  <sltp.mm.core.Context type="sltp.mm.core.Context" uuid="eaaf7cce-5981-4b0a-a175-2b5f47c97362">
    <priorityDirection>HighNumberLast</priorityDirection>
    <editorState type="sltp.mm.core.EditorState" uuid="847434e8-4043-4dad-be4e-b09a8d5be69f">
      <isSynchronized>true</isSynchronized>
    </editorState>
    <rootTask type="sltp.mm.core.Task" uuid="2be4d700-bf69-4d2d-bb39-3a7826f06162">
      <context type="sltp.mm.core.Context" uuid="eaaf7cce-5981-4b0a-a175-2b5f47c97362"/>
      <explicit>false</explicit>
      <name>Default</name>
      <priority>-2147483648</priority>
      <subgraph type="sltp.mm.core.Graph" uuid="3099011f-cc7c-4f54-87b5-17e466433d97">
        <tasks type="sltp.mm.core.Task" uuid="86e806ce-734e-4699-8ae4-73cda34a311a">
          <baseTask>true</baseTask>
          <context type="sltp.mm.core.Context" uuid="eaaf7cce-5981-4b0a-a175-2b5f47c97362"/>
          <explicit>false</explicit>
          <id>1</id>
          <name>Cont</name>
          <priority>40</priority>
          <rates type="sltp.mm.core.Rate" uuid="e13cfa1b-9a44-4e73-a625-6b2f05be2757">
            <annotation>Cont</annotation>
            <color>255</color>
            <hasBlocks>true</hasBlocks>
            <rateSpec type="sltp.mm.core.RateSpec">
              <period>0</period>
            </rateSpec>
            <sti>0</sti>
          </rates>
          <rates type="sltp.mm.core.Rate" uuid="2687603b-22b2-49ad-94ff-9d2ea0f61de4">
            <annotation>FiM</annotation>
            <color>-2139062017</color>
            <hasBlocks>true</hasBlocks>
            <rateSpec type="sltp.mm.core.RateSpec">
              <offset>1</offset>
              <period>0</period>
            </rateSpec>
            <sti>1</sti>
          </rates>
        </tasks>
      </subgraph>
    </rootTask>
  </sltp.mm.core.Context>
</sltp_graph>