<?xml version="1.0" encoding="UTF-8"?>
<sltp_editor version="1.1" packageUris="http://schema.mathworks.com/mf0/DiagramEditor/R2019a_20181107 http://schema.mathworks.com/mf0/SltpSyntax/R2019b_201903011129">
  <diagram.editor.model.Diagram type="diagram.editor.model.Diagram" uuid="cf4422a9-6857-4b4e-99f1-167c6535a3a4">
    <entities type="diagram.editor.model.Entity" uuid="dfdb7ca5-67aa-4c67-8214-773be1bc64ab">
      <position>0,0</position>
      <size>0,0,0,0</size>
      <syntaxElement type="sltp.mm.syntax.Node" uuid="3070f640-c5e7-4036-ab43-a48451a4ae10"/>
      <title>Cont</title>
      <type>base</type>
      <subDiagram type="diagram.editor.model.Diagram" uuid="06f64473-13e8-4855-89a1-0ec215235e69">
        <position>0,0</position>
        <syntaxElement type="sltp.mm.syntax.Graph" uuid="33308488-65cf-473f-ae77-91f472a27161"/>
        <title>Cont</title>
        <type>graph.Graph</type>
      </subDiagram>
    </entities>
    <syntaxElement type="sltp.mm.syntax.Graph" uuid="dc63f0fb-a562-4c5f-bed2-b87161438932"/>
    <title>Default</title>
    <type>graph.Graph</type>
  </diagram.editor.model.Diagram>
  <sltp.mm.syntax.Context type="sltp.mm.syntax.Context" uuid="b9eb7596-b9d7-4cb1-a22b-66daa0241e77">
    <rootGraph type="sltp.mm.syntax.Graph" uuid="dc63f0fb-a562-4c5f-bed2-b87161438932">
      <children type="sltp.mm.syntax.Node" uuid="3070f640-c5e7-4036-ab43-a48451a4ae10">
        <priority>40</priority>
        <rates type="sltp.mm.syntax.RateData">
          <color>#000000</color>
          <hasBlocks>true</hasBlocks>
          <rate>0</rate>
          <title>Cont</title>
        </rates>
        <rates type="sltp.mm.syntax.RateData">
          <color>#808080</color>
          <hasBlocks>true</hasBlocks>
          <rate>[0, 1]</rate>
          <title>FiM</title>
        </rates>
        <title>Cont</title>
        <type>base</type>
        <diagramElement type="diagram.editor.model.Entity" uuid="dfdb7ca5-67aa-4c67-8214-773be1bc64ab"/>
        <subgraph type="sltp.mm.syntax.Graph" uuid="33308488-65cf-473f-ae77-91f472a27161">
          <title>Cont</title>
          <diagramElement type="diagram.editor.model.Diagram" uuid="06f64473-13e8-4855-89a1-0ec215235e69"/>
        </subgraph>
      </children>
      <title>Default</title>
      <diagramElement type="diagram.editor.model.Diagram" uuid="cf4422a9-6857-4b4e-99f1-167c6535a3a4"/>
    </rootGraph>
  </sltp.mm.syntax.Context>
</sltp_editor>