<?xml version="1.0" encoding="utf-8"?>
<ModelInformation Version="1.0">
  <Model>
    <P Name="SavedCharacterEncoding">windows-1252</P>
    <P Name="EnableAccessToBaseWorkspace">on</P>
    <P Name="SLXCompressionType">Normal</P>
    <P Name="ScopeRefreshTime">0.035000</P>
    <P Name="OverrideScopeRefreshTime">on</P>
    <P Name="DisableAllScopes">off</P>
    <P Name="DataTypeOverride">UseLocalSettings</P>
    <P Name="DataTypeOverrideAppliesTo">AllNumericTypes</P>
    <P Name="MinMaxOverflowLogging">UseLocalSettings</P>
    <P Name="MinMaxOverflowArchiveMode">Overwrite</P>
    <P Name="FPTRunName">Run 1</P>
    <P Name="MaxMDLFileLineLength">120</P>
    <P Name="LastSavedArchitecture">win64</P>
    <P Name="HideAutomaticNames">on</P>
    <ConfigManagerSettings>
      <P Name="UpdateHistory">UpdateHistoryNever</P>
      <P Name="ModifiedByFormat">%&lt;Auto&gt;</P>
      <P Name="ModifiedDateFormat">%&lt;Auto&gt;</P>
      <P Name="RTWModifiedTimeStamp">502210761</P>
      <P Name="ModelVersionFormat">1.%&lt;AutoIncrement:4&gt;</P>
    </ConfigManagerSettings>
    <EditorSettings>
      <P Name="SampleTimeColors">off</P>
      <P Name="SampleTimeAnnotations">off</P>
      <P Name="LibraryLinkDisplay">disabled</P>
      <P Name="WideLines">off</P>
      <P Name="ShowLineDimensions">off</P>
      <P Name="ShowPortDataTypes">off</P>
      <P Name="ShowAllPropagatedSignalLabels">off</P>
      <P Name="PortDataTypeDisplayFormat">AliasTypeOnly</P>
      <P Name="ShowEditTimeErrors">on</P>
      <P Name="ShowEditTimeWarnings">on</P>
      <P Name="ShowEditTimeAdvisorChecks">off</P>
      <P Name="ShowPortUnits">off</P>
      <P Name="ShowDesignRanges">off</P>
      <P Name="ShowLoopsOnError">on</P>
      <P Name="IgnoreBidirectionalLines">off</P>
      <P Name="ShowStorageClass">off</P>
      <P Name="ShowTestPointIcons">on</P>
      <P Name="ShowSignalResolutionIcons">on</P>
      <P Name="ShowViewerIcons">on</P>
      <P Name="SortedOrder">off</P>
      <P Name="VariantCondition">off</P>
      <P Name="ShowSubsystemDomainSpec">off</P>
      <P Name="ExecutionContextIcon">off</P>
      <P Name="ShowLinearizationAnnotations">on</P>
      <P Name="ShowVisualizeInsertedRTB">on</P>
      <P Name="ShowMarkup">on</P>
      <P Name="BlockNameDataTip">off</P>
      <P Name="BlockParametersDataTip">off</P>
      <P Name="BlockDescriptionStringDataTip">off</P>
      <P Name="BlockVariantConditionDataTip">off</P>
      <P Name="ToolBar">on</P>
      <P Name="StatusBar">on</P>
      <P Name="BrowserShowLibraryLinks">off</P>
      <P Name="FunctionConnectors">off</P>
      <P Name="BrowserLookUnderMasks">off</P>
      <P Name="MultiThreadCoSim">on</P>
    </EditorSettings>
    <SimulationSettings>
      <P Name="SimulationMode">normal</P>
      <P Name="SILPILModeSetting">automated</P>
      <P Name="SILPILSystemUnderTest">topmodel</P>
      <P Name="SILPILSimulationModeTopModel">normal</P>
      <P Name="SILPILSimulationModeModelRef">normal</P>
      <P Name="SimTabSimulationMode">normal</P>
      <P Name="CodeVerificationMode">software-in-the-loop (sil)</P>
      <P Name="PauseTimes">5</P>
      <P Name="NumberOfSteps">1</P>
      <P Name="SnapshotBufferSize">10</P>
      <P Name="SnapshotInterval">10</P>
      <P Name="NumberOfLastSnapshots">0</P>
      <P Name="EnablePacing">off</P>
      <P Name="PacingRate">1</P>
      <P Name="LinearizationMsg">none</P>
      <P Name="Profile">off</P>
      <P Name="ParamWorkspaceSource">MATLABWorkspace</P>
      <P Name="AccelSystemTargetFile">accel.tlc</P>
      <P Name="AccelTemplateMakefile">accel_default_tmf</P>
      <P Name="AccelMakeCommand">make_rtw</P>
      <P Name="TryForcingSFcnDF">off</P>
      <Object PropName="DataLoggingOverride" ObjectID="1" ClassName="Simulink.SimulationData.ModelLoggingInfo">
        <P Name="model_" Class="char">$bdroot</P>
        <P Name="overrideMode_" Class="uint32">0U</P>
        <Array PropName="logAsSpecifiedByModels_" Type="Cell" Dimension="1*1">
          <Cell Class="char">$bdroot</Cell>
        </Array>
        <Array PropName="logAsSpecifiedByModelsSSIDs_" Type="Cell" Dimension="1*1">
          <Cell Class="double">[]</Cell>
        </Array>
      </Object>
    </SimulationSettings>
    <ExternalMode>
      <P Name="ExtModeBatchMode">off</P>
      <P Name="ExtModeEnableFloating">on</P>
      <P Name="ExtModeTrigType">manual</P>
      <P Name="ExtModeTrigMode">normal</P>
      <P Name="ExtModeTrigPort">1</P>
      <P Name="ExtModeTrigElement">any</P>
      <P Name="ExtModeTrigDuration">1000</P>
      <P Name="ExtModeTrigDurationFloating">auto</P>
      <P Name="ExtModeTrigHoldOff">0</P>
      <P Name="ExtModeTrigDelay">0</P>
      <P Name="ExtModeTrigDirection">rising</P>
      <P Name="ExtModeTrigLevel">0</P>
      <P Name="ExtModeArchiveMode">off</P>
      <P Name="ExtModeAutoIncOneShot">off</P>
      <P Name="ExtModeIncDirWhenArm">off</P>
      <P Name="ExtModeAddSuffixToVar">off</P>
      <P Name="ExtModeWriteAllDataToWs">off</P>
      <P Name="ExtModeArmWhenConnect">on</P>
      <P Name="ExtModeSkipDownloadWhenConnect">off</P>
      <P Name="ExtModeLogAll">on</P>
      <P Name="ExtModeAutoUpdateStatusClock">on</P>
    </ExternalMode>
    <ModelReferenceSettings>
      <P Name="ShowModelReferenceBlockVersion">off</P>
      <P Name="ShowModelReferenceBlockIO">off</P>
      <P Name="OrderedModelArguments">on</P>
    </ModelReferenceSettings>
    <ConcurrentExecutionSettings>
      <Object PropName="DataTransfer" ObjectID="2" ClassName="Simulink.GlobalDataTransfer">
        <P Name="DefaultTransitionBetweenSyncTasks" Class="char">Ensure deterministic transfer (maximum delay)</P>
        <P Name="DefaultTransitionBetweenAsyncTasks" Class="char">Ensure data integrity only</P>
        <P Name="DefaultTransitionBetweenContTasks" Class="char">Ensure deterministic transfer (minimum delay)</P>
        <P Name="DefaultExtrapolationMethodBetweenContTasks" Class="char">None</P>
      </Object>
      <P Name="ExplicitPartitioning">off</P>
    </ConcurrentExecutionSettings>
    <System>
      <P Name="Location">[-8, -8, 1928, 1048]</P>
      <P Name="Open">on</P>
      <P Name="SetExecutionDomain">off</P>
      <P Name="ExecutionDomainType">Deduce</P>
      <P Name="ZoomFactor">80</P>
      <P Name="ReportName">simulink-default.rpt</P>
      <P Name="SIDHighWatermark">65</P>
      <P Name="SimulinkSubDomain">Simulink</P>
      <Block BlockType="Inport" Name="magnetometer torque" SID="7">
        <P Name="Position">[250, 298, 280, 312]</P>
        <P Name="ZOrder">7</P>
        <P Name="IconDisplay">Port number</P>
      </Block>
      <Block BlockType="Inport" Name="reaction wheel torque" SID="10">
        <P Name="Position">[250, 348, 280, 362]</P>
        <P Name="ZOrder">10</P>
        <P Name="Port">2</P>
        <P Name="IconDisplay">Port number</P>
      </Block>
      <Block BlockType="Inport" Name="disturbances" SID="8">
        <P Name="Position">[250, 398, 280, 412]</P>
        <P Name="ZOrder">11</P>
        <P Name="Port">3</P>
        <P Name="IconDisplay">Port number</P>
      </Block>
      <Block BlockType="Inport" Name="q o/i" SID="61">
        <P Name="Position">[250, 448, 280, 462]</P>
        <P Name="ZOrder">256</P>
        <P Name="Port">4</P>
        <P Name="IconDisplay">Port number</P>
      </Block>
      <Block BlockType="Inport" Name="initial rate" SID="23">
        <P Name="Position">[1105, 373, 1135, 387]</P>
        <P Name="ZOrder">24</P>
        <P Name="Port">5</P>
        <P Name="IconDisplay">Port number</P>
      </Block>
      <Block BlockType="Inport" Name="gravitation" SID="6">
        <P Name="Position">[295, 723, 325, 737]</P>
        <P Name="ZOrder">6</P>
        <P Name="Port">6</P>
        <P Name="IconDisplay">Port number</P>
      </Block>
      <Block BlockType="Inport" Name="thust" SID="59">
        <P Name="Position">[295, 778, 325, 792]</P>
        <P Name="ZOrder">40</P>
        <P Name="Port">7</P>
        <P Name="IconDisplay">Port number</P>
      </Block>
      <Block BlockType="Constant" Name="Constant" SID="64">
        <P Name="Position">[545, -210, 575, -180]</P>
        <P Name="ZOrder">259</P>
        <P Name="Value">[[0 0 0] [0 0 0] [0 0 0]]</P>
        <P Name="VectorParams1D">off</P>
      </Block>
      <Block BlockType="Reference" Name="Cross Product" SID="25">
        <P Name="Ports">[2, 1]</P>
        <P Name="Position">[770, 50, 855, 150]</P>
        <P Name="ZOrder">26</P>
        <P Name="HideAutomaticName">off</P>
        <P Name="LibraryVersion">1.93</P>
        <P Name="SourceBlock">vrlib/Utilities/Cross Product</P>
        <P Name="SourceType">Cross Product</P>
        <P Name="SourceProductName">Simulink</P>
        <P Name="SourceProductBaseCode">SL</P>
        <InstanceData>
          <P Name="ContentPreviewEnabled">on</P>
        </InstanceData>
      </Block>
      <Block BlockType="Sum" Name="Equation of forces" SID="26">
        <P Name="Ports">[2, 1]</P>
        <P Name="Position">[880, 703, 930, 812]</P>
        <P Name="ZOrder">27</P>
        <P Name="HideAutomaticName">off</P>
        <P Name="InputSameDT">off</P>
        <P Name="OutDataTypeStr">Inherit: Inherit via internal rule</P>
        <P Name="SaturateOnIntegerOverflow">off</P>
      </Block>
      <Block BlockType="Sum" Name="Equation of moments" SID="9">
        <P Name="Ports">[4, 1]</P>
        <P Name="Position">[880, 231, 935, 429]</P>
        <P Name="ZOrder">9</P>
        <P Name="HideAutomaticName">off</P>
        <P Name="Inputs">-+++</P>
        <P Name="InputSameDT">off</P>
        <P Name="OutDataTypeStr">Inherit: Inherit via internal rule</P>
        <P Name="SaturateOnIntegerOverflow">off</P>
      </Block>
      <Block BlockType="Gain" Name="Gain" SID="19">
        <P Name="Position">[955, 307, 1000, 353]</P>
        <P Name="ZOrder">20</P>
        <P Name="Gain">inv(I_sat)</P>
        <P Name="Multiplication">Matrix(K*u)</P>
        <P Name="ParamDataTypeStr">Inherit: Inherit via internal rule</P>
        <P Name="OutDataTypeStr">Inherit: Inherit via internal rule</P>
        <P Name="SaturateOnIntegerOverflow">off</P>
      </Block>
      <Block BlockType="Gain" Name="Gain1" SID="32">
        <P Name="Position">[955, 734, 1010, 786]</P>
        <P Name="ZOrder">33</P>
        <P Name="Gain">inv(mass)</P>
        <P Name="ParamDataTypeStr">Inherit: Inherit via internal rule</P>
        <P Name="OutDataTypeStr">Inherit: Inherit via internal rule</P>
        <P Name="SaturateOnIntegerOverflow">off</P>
        <Port>
          <P Name="PortNumber">1</P>
          <P Name="Name">Acceleration</P>
        </Port>
      </Block>
      <Block BlockType="Goto" Name="Goto" SID="63">
        <P Name="Position">[610, -210, 650, -180]</P>
        <P Name="ZOrder">258</P>
        <P Name="GotoTag">RW</P>
      </Block>
      <Block BlockType="Constant" Name="Inertia" SID="18">
        <P Name="Position">[485, 155, 515, 185]</P>
        <P Name="ZOrder">19</P>
        <P Name="Value">I_sat</P>
      </Block>
      <Block BlockType="Integrator" Name="Integrator" SID="22">
        <P Name="Ports">[2, 1]</P>
        <P Name="Position">[1160, 327, 1200, 398]</P>
        <P Name="ZOrder">23</P>
        <P Name="InitialConditionSource">external</P>
      </Block>
      <Block BlockType="Integrator" Name="Integrator1" SID="28">
        <P Name="Ports">[1, 1]</P>
        <P Name="Position">[1080, 742, 1115, 778]</P>
        <P Name="ZOrder">29</P>
        <Port>
          <P Name="PortNumber">1</P>
          <P Name="Name">Speed</P>
        </Port>
      </Block>
      <Block BlockType="Integrator" Name="Integrator2" SID="34">
        <P Name="Ports">[1, 1]</P>
        <P Name="Position">[1185, 742, 1220, 778]</P>
        <P Name="ZOrder">35</P>
      </Block>
      <Block BlockType="Product" Name="Matrix Multiply" SID="60">
        <P Name="Ports">[2, 1]</P>
        <P Name="Position">[545, 177, 590, 213]</P>
        <P Name="ZOrder">255</P>
        <P Name="Multiplication">Matrix(*)</P>
        <P Name="InputSameDT">off</P>
        <P Name="OutDataTypeStr">Inherit: Inherit via internal rule</P>
        <P Name="RndMeth">Floor</P>
        <P Name="SaturateOnIntegerOverflow">off</P>
      </Block>
      <Block BlockType="Sum" Name="Matrix Sum" SID="15">
        <P Name="Ports">[2, 1]</P>
        <P Name="Position">[625, 96, 680, 149]</P>
        <P Name="ZOrder">16</P>
        <P Name="HideAutomaticName">off</P>
        <P Name="InputSameDT">off</P>
        <P Name="OutDataTypeStr">Inherit: Inherit via internal rule</P>
        <P Name="SaturateOnIntegerOverflow">off</P>
      </Block>
      <Block BlockType="Reference" Name="Quaternion&#xA;to DCM" SID="62">
        <P Name="Ports">[1, 1]</P>
        <P Name="Position">[335, 438, 375, 472]</P>
        <P Name="ZOrder">257</P>
        <P Name="LibraryVersion">1.55</P>
        <P Name="SourceBlock">qlib/Quaternion
to DCM</P>
        <P Name="SourceType">Quaternion to DCM</P>
        <InstanceData>
          <P Name="ContentPreviewEnabled">off</P>
        </InstanceData>
      </Block>
      <Block BlockType="From" Name="RWInertia" SID="16">
        <P Name="Position">[545, 96, 585, 124]</P>
        <P Name="ZOrder">17</P>
        <P Name="GotoTag">RW</P>
      </Block>
      <Block BlockType="Sum" Name="Sum" SID="20">
        <P Name="Ports">[2, 1]</P>
        <P Name="Position">[1030, 316, 1080, 369]</P>
        <P Name="ZOrder">21</P>
        <P Name="HideAutomaticName">off</P>
        <P Name="Inputs">+-</P>
        <P Name="InputSameDT">off</P>
        <P Name="OutDataTypeStr">Inherit: Inherit via internal rule</P>
        <P Name="SaturateOnIntegerOverflow">off</P>
      </Block>
      <Block BlockType="ToFile" Name="To File" SID="65">
        <P Name="Ports">[1]</P>
        <P Name="Position">[1480, 315, 1540, 345]</P>
        <P Name="ZOrder">260</P>
        <P Name="SaveFormat">Timeseries</P>
      </Block>
      <Block BlockType="Outport" Name="omega_s/o" SID="24">
        <P Name="Position">[1265, 358, 1295, 372]</P>
        <P Name="ZOrder">25</P>
        <P Name="IconDisplay">Port number</P>
      </Block>
      <Block BlockType="Outport" Name="XYZ" SID="31">
        <P Name="Position">[1265, 753, 1295, 767]</P>
        <P Name="ZOrder">32</P>
        <P Name="Port">2</P>
        <P Name="IconDisplay">Port number</P>
      </Block>
      <Line>
        <P Name="ZOrder">118</P>
        <P Name="Src">6#out:1</P>
        <P Name="Dst">26#in:1</P>
      </Line>
      <Line>
        <P Name="ZOrder">3</P>
        <P Name="Src">7#out:1</P>
        <P Name="Dst">9#in:2</P>
      </Line>
      <Line>
        <P Name="ZOrder">5</P>
        <P Name="Src">10#out:1</P>
        <P Name="Dst">9#in:3</P>
      </Line>
      <Line>
        <P Name="ZOrder">6</P>
        <P Name="Src">8#out:1</P>
        <P Name="Dst">9#in:4</P>
      </Line>
      <Line>
        <P Name="ZOrder">8</P>
        <P Name="Src">16#out:1</P>
        <P Name="Dst">15#in:1</P>
      </Line>
      <Line>
        <P Name="ZOrder">120</P>
        <P Name="Src">60#out:1</P>
        <P Name="Points">[10, 0; 0, -60]</P>
        <P Name="Dst">15#in:2</P>
      </Line>
      <Line>
        <P Name="ZOrder">121</P>
        <P Name="Src">18#out:1</P>
        <P Name="Points">[10, 0]</P>
        <P Name="Dst">60#in:1</P>
      </Line>
      <Line>
        <P Name="ZOrder">26</P>
        <P Name="Src">22#out:1</P>
        <P Name="Points">[38, 0]</P>
        <Branch>
          <P Name="ZOrder">32</P>
          <P Name="Points">[0, -369; -780, 0; 0, 79]</P>
          <Branch>
            <P Name="ZOrder">143</P>
            <P Name="Points">[0, 130]</P>
            <P Name="Dst">60#in:2</P>
          </Branch>
          <Branch>
            <P Name="ZOrder">33</P>
            <P Name="Dst">25#in:1</P>
          </Branch>
        </Branch>
        <Branch>
          <P Name="ZOrder">31</P>
          <P Name="Dst">24#in:1</P>
        </Branch>
      </Line>
      <Line>
        <P Name="ZOrder">17</P>
        <P Name="Src">9#out:1</P>
        <P Name="Dst">19#in:1</P>
      </Line>
      <Line>
        <P Name="ZOrder">27</P>
        <P Name="Src">15#out:1</P>
        <P Name="Dst">25#in:2</P>
      </Line>
      <Line>
        <P Name="ZOrder">29</P>
        <P Name="Src">25#out:1</P>
        <P Name="Points">[5, 0]</P>
        <P Name="Dst">9#in:1</P>
      </Line>
      <Line>
        <P Name="ZOrder">20</P>
        <P Name="Src">19#out:1</P>
        <P Name="Dst">20#in:1</P>
      </Line>
      <Line>
        <P Name="ZOrder">24</P>
        <P Name="Src">20#out:1</P>
        <P Name="Dst">22#in:1</P>
      </Line>
      <Line>
        <P Name="ZOrder">25</P>
        <P Name="Src">23#out:1</P>
        <P Name="Dst">22#in:2</P>
      </Line>
      <Line>
        <P Name="ZOrder">44</P>
        <P Name="Src">26#out:1</P>
        <P Name="Dst">32#in:1</P>
      </Line>
      <Line>
        <P Name="Name">Acceleration</P>
        <P Name="ZOrder">49</P>
        <P Name="Labels">[1, 1]</P>
        <P Name="Src">32#out:1</P>
        <P Name="Dst">28#in:1</P>
      </Line>
      <Line>
        <P Name="Name">Speed</P>
        <P Name="ZOrder">52</P>
        <P Name="Labels">[1, 1]</P>
        <P Name="Src">28#out:1</P>
        <P Name="Dst">34#in:1</P>
      </Line>
      <Line>
        <P Name="ZOrder">51</P>
        <P Name="Src">34#out:1</P>
        <P Name="Dst">31#in:1</P>
      </Line>
      <Line>
        <P Name="ZOrder">119</P>
        <P Name="Src">59#out:1</P>
        <P Name="Dst">26#in:2</P>
      </Line>
      <Line>
        <P Name="ZOrder">141</P>
        <P Name="Src">61#out:1</P>
        <P Name="Dst">62#in:1</P>
      </Line>
      <Line>
        <P Name="ZOrder">142</P>
        <P Name="Src">64#out:1</P>
        <P Name="Dst">63#in:1</P>
      </Line>
    </System>
  </Model>
</ModelInformation>
