<?xml version="1.0" encoding="utf-8"?>
<GraphicalInterface>
  <P Name="NumRootInports">7</P>
  <Inport Name="magnetometer torque">
    <P Name="BusObject"/>
    <P Name="OutputFunctionCall">off</P>
    <P Name="SampleTime">-1</P>
    <P Name="UnitExpr">inherit</P>
  </Inport>
  <Inport Name="reaction wheel torque">
    <P Name="BusObject"/>
    <P Name="OutputFunctionCall">off</P>
    <P Name="SampleTime">-1</P>
    <P Name="UnitExpr">inherit</P>
  </Inport>
  <Inport Name="disturbances">
    <P Name="BusObject"/>
    <P Name="OutputFunctionCall">off</P>
    <P Name="SampleTime">-1</P>
    <P Name="UnitExpr">inherit</P>
  </Inport>
  <Inport Name="q o/i">
    <P Name="BusObject"/>
    <P Name="OutputFunctionCall">off</P>
    <P Name="SampleTime">-1</P>
    <P Name="UnitExpr">inherit</P>
  </Inport>
  <Inport Name="initial rate">
    <P Name="BusObject"/>
    <P Name="OutputFunctionCall">off</P>
    <P Name="SampleTime">-1</P>
    <P Name="UnitExpr">inherit</P>
  </Inport>
  <Inport Name="gravitation">
    <P Name="BusObject"/>
    <P Name="OutputFunctionCall">off</P>
    <P Name="SampleTime">-1</P>
    <P Name="UnitExpr">inherit</P>
  </Inport>
  <Inport Name="thust">
    <P Name="BusObject"/>
    <P Name="OutputFunctionCall">off</P>
    <P Name="SampleTime">-1</P>
    <P Name="UnitExpr">inherit</P>
  </Inport>
  <P Name="NumRootOutports">2</P>
  <Outport Name="omega_s/o">
    <P Name="BusObject"/>
    <P Name="BusOutputAsStruct">off</P>
    <P Name="UnitExpr">inherit</P>
  </Outport>
  <Outport Name="XYZ">
    <P Name="BusObject"/>
    <P Name="BusOutputAsStruct">off</P>
    <P Name="UnitExpr">inherit</P>
  </Outport>
  <P Name="ParameterArgumentNames"/>
  <P Name="NumModelReferences">0</P>
  <P Name="NumTestPointedSignals">0</P>
  <P Name="NumProvidedFunctions">0</P>
  <P Name="NumRequiredFunctions">0</P>
  <P Name="NumResetEvents">0</P>
  <P Name="HasInitializeEvent">0</P>
  <P Name="HasTerminateEvent">0</P>
  <P Name="PreCompExecutionDomainType">Unset</P>
  <P Name="IsExportFunctionModel">0</P>
  <P Name="IsArchitectureModel">0</P>
  <P Name="IsAUTOSARArchitectureModel">0</P>
  <P Name="NumParameterArguments">0</P>
  <P Name="NumExternalFileReferences">2</P>
  <ExternalFileReference>
    <P Name="Reference">vrlib/Utilities/Cross Product</P>
    <P Name="Path">$bdroot/Cross Product</P>
    <P Name="SID">25</P>
    <P Name="Type">LIBRARY_BLOCK</P>
  </ExternalFileReference>
  <ExternalFileReference>
    <P Name="Reference">qlib/Quaternion
to DCM</P>
    <P Name="Path">$bdroot/Quaternion to DCM</P>
    <P Name="SID">62</P>
    <P Name="Type">LIBRARY_BLOCK</P>
  </ExternalFileReference>
  <P Name="OrderedModelArguments">1</P>
</GraphicalInterface>
