<?xml version="1.0" encoding="UTF-8"?>
<sltp_graph version="1.1" packageUris="http://schema.mathworks.com/mf0/sltp_mm/R2019b_201903251320">
  <sltp.mm.core.Context type="sltp.mm.core.Context" uuid="420bc366-258b-4826-aa7a-3d0048eb6c94">
    <editorState type="sltp.mm.core.EditorState" uuid="847434e8-4043-4dad-be4e-b09a8d5be69f"/>
    <rootTask type="sltp.mm.core.Task" uuid="47da498a-ac0a-4e05-a06a-4eb86758f13d">
      <context type="sltp.mm.core.Context" uuid="420bc366-258b-4826-aa7a-3d0048eb6c94"/>
      <explicit>false</explicit>
      <name>Default</name>
      <priority>-2147483648</priority>
      <subgraph type="sltp.mm.core.Graph" uuid="085e6308-fb0c-48b5-9f3e-732e33bb11a6"/>
    </rootTask>
  </sltp.mm.core.Context>
</sltp_graph>