<?xml version="1.0" encoding="UTF-8"?>
<sltp_editor version="1.1" packageUris="http://schema.mathworks.com/mf0/DiagramEditor/R2019a_20181107 http://schema.mathworks.com/mf0/SltpSyntax/R2019b_201903011129">
  <diagram.editor.model.Diagram type="diagram.editor.model.Diagram" uuid="cf4422a9-6857-4b4e-99f1-167c6535a3a4">
    <syntaxElement type="sltp.mm.syntax.Graph" uuid="dc63f0fb-a562-4c5f-bed2-b87161438932"/>
    <title>Default</title>
    <type>graph.Graph</type>
  </diagram.editor.model.Diagram>
  <sltp.mm.syntax.Context type="sltp.mm.syntax.Context" uuid="b9eb7596-b9d7-4cb1-a22b-66daa0241e77">
    <rootGraph type="sltp.mm.syntax.Graph" uuid="dc63f0fb-a562-4c5f-bed2-b87161438932">
      <priorityDirection>HighNumberFirst</priorityDirection>
      <title>Default</title>
      <diagramElement type="diagram.editor.model.Diagram" uuid="cf4422a9-6857-4b4e-99f1-167c6535a3a4"/>
    </rootGraph>
  </sltp.mm.syntax.Context>
</sltp_editor>