<?xml version="1.0" encoding="utf-8"?>
<ModelInformation Version="1.0">
  <Model>
    <P Name="SavedCharacterEncoding">windows-1252</P>
    <P Name="EnableAccessToBaseWorkspace">on</P>
    <P Name="SLXCompressionType">Normal</P>
    <P Name="ScopeRefreshTime">0.035000</P>
    <P Name="OverrideScopeRefreshTime">on</P>
    <P Name="DisableAllScopes">off</P>
    <P Name="DataTypeOverride">UseLocalSettings</P>
    <P Name="DataTypeOverrideAppliesTo">AllNumericTypes</P>
    <P Name="MinMaxOverflowLogging">UseLocalSettings</P>
    <P Name="MinMaxOverflowArchiveMode">Overwrite</P>
    <P Name="FPTRunName">Run 1</P>
    <P Name="MaxMDLFileLineLength">120</P>
    <P Name="LastSavedArchitecture">win64</P>
    <P Name="HideAutomaticNames">on</P>
    <ConfigManagerSettings>
      <P Name="UpdateHistory">UpdateHistoryNever</P>
      <P Name="ModifiedByFormat">%&lt;Auto&gt;</P>
      <P Name="ModifiedDateFormat">%&lt;Auto&gt;</P>
      <P Name="RTWModifiedTimeStamp">502219104</P>
      <P Name="ModelVersionFormat">1.%&lt;AutoIncrement:12&gt;</P>
    </ConfigManagerSettings>
    <EditorSettings>
      <P Name="SampleTimeColors">off</P>
      <P Name="SampleTimeAnnotations">off</P>
      <P Name="LibraryLinkDisplay">disabled</P>
      <P Name="WideLines">off</P>
      <P Name="ShowLineDimensions">off</P>
      <P Name="ShowPortDataTypes">off</P>
      <P Name="ShowAllPropagatedSignalLabels">off</P>
      <P Name="PortDataTypeDisplayFormat">AliasTypeOnly</P>
      <P Name="ShowEditTimeErrors">on</P>
      <P Name="ShowEditTimeWarnings">on</P>
      <P Name="ShowEditTimeAdvisorChecks">off</P>
      <P Name="ShowPortUnits">off</P>
      <P Name="ShowDesignRanges">off</P>
      <P Name="ShowLoopsOnError">on</P>
      <P Name="IgnoreBidirectionalLines">off</P>
      <P Name="ShowStorageClass">off</P>
      <P Name="ShowTestPointIcons">on</P>
      <P Name="ShowSignalResolutionIcons">on</P>
      <P Name="ShowViewerIcons">on</P>
      <P Name="SortedOrder">off</P>
      <P Name="VariantCondition">off</P>
      <P Name="ShowSubsystemDomainSpec">off</P>
      <P Name="ExecutionContextIcon">off</P>
      <P Name="ShowLinearizationAnnotations">on</P>
      <P Name="ShowVisualizeInsertedRTB">on</P>
      <P Name="ShowMarkup">on</P>
      <P Name="BlockNameDataTip">off</P>
      <P Name="BlockParametersDataTip">off</P>
      <P Name="BlockDescriptionStringDataTip">off</P>
      <P Name="BlockVariantConditionDataTip">off</P>
      <P Name="ToolBar">on</P>
      <P Name="StatusBar">on</P>
      <P Name="BrowserShowLibraryLinks">off</P>
      <P Name="FunctionConnectors">off</P>
      <P Name="BrowserLookUnderMasks">off</P>
      <P Name="MultiThreadCoSim">on</P>
    </EditorSettings>
    <SimulationSettings>
      <P Name="SimulationMode">normal</P>
      <P Name="SILPILModeSetting">automated</P>
      <P Name="SILPILSystemUnderTest">topmodel</P>
      <P Name="SILPILSimulationModeTopModel">normal</P>
      <P Name="SILPILSimulationModeModelRef">normal</P>
      <P Name="SimTabSimulationMode">normal</P>
      <P Name="CodeVerificationMode">software-in-the-loop (sil)</P>
      <P Name="PauseTimes">5</P>
      <P Name="NumberOfSteps">1</P>
      <P Name="SnapshotBufferSize">10</P>
      <P Name="SnapshotInterval">10</P>
      <P Name="NumberOfLastSnapshots">0</P>
      <P Name="EnablePacing">off</P>
      <P Name="PacingRate">1</P>
      <P Name="LinearizationMsg">none</P>
      <P Name="Profile">off</P>
      <P Name="ParamWorkspaceSource">MATLABWorkspace</P>
      <P Name="AccelSystemTargetFile">accel.tlc</P>
      <P Name="AccelTemplateMakefile">accel_default_tmf</P>
      <P Name="AccelMakeCommand">make_rtw</P>
      <P Name="TryForcingSFcnDF">off</P>
      <Object PropName="DataLoggingOverride" ObjectID="1" ClassName="Simulink.SimulationData.ModelLoggingInfo">
        <P Name="model_" Class="char">$bdroot</P>
        <P Name="overrideMode_" Class="uint32">0U</P>
        <Array PropName="logAsSpecifiedByModels_" Type="Cell" Dimension="1*1">
          <Cell Class="char">$bdroot</Cell>
        </Array>
        <Array PropName="logAsSpecifiedByModelsSSIDs_" Type="Cell" Dimension="1*1">
          <Cell Class="double">[]</Cell>
        </Array>
      </Object>
    </SimulationSettings>
    <ExternalMode>
      <P Name="ExtModeBatchMode">off</P>
      <P Name="ExtModeEnableFloating">on</P>
      <P Name="ExtModeTrigType">manual</P>
      <P Name="ExtModeTrigMode">normal</P>
      <P Name="ExtModeTrigPort">1</P>
      <P Name="ExtModeTrigElement">any</P>
      <P Name="ExtModeTrigDuration">1000</P>
      <P Name="ExtModeTrigDurationFloating">auto</P>
      <P Name="ExtModeTrigHoldOff">0</P>
      <P Name="ExtModeTrigDelay">0</P>
      <P Name="ExtModeTrigDirection">rising</P>
      <P Name="ExtModeTrigLevel">0</P>
      <P Name="ExtModeArchiveMode">off</P>
      <P Name="ExtModeAutoIncOneShot">off</P>
      <P Name="ExtModeIncDirWhenArm">off</P>
      <P Name="ExtModeAddSuffixToVar">off</P>
      <P Name="ExtModeWriteAllDataToWs">off</P>
      <P Name="ExtModeArmWhenConnect">on</P>
      <P Name="ExtModeSkipDownloadWhenConnect">off</P>
      <P Name="ExtModeLogAll">on</P>
      <P Name="ExtModeAutoUpdateStatusClock">on</P>
    </ExternalMode>
    <ModelReferenceSettings>
      <P Name="ShowModelReferenceBlockVersion">off</P>
      <P Name="ShowModelReferenceBlockIO">off</P>
      <P Name="OrderedModelArguments">on</P>
    </ModelReferenceSettings>
    <ConcurrentExecutionSettings>
      <Object PropName="DataTransfer" ObjectID="2" ClassName="Simulink.GlobalDataTransfer">
        <P Name="DefaultTransitionBetweenSyncTasks" Class="char">Ensure deterministic transfer (maximum delay)</P>
        <P Name="DefaultTransitionBetweenAsyncTasks" Class="char">Ensure data integrity only</P>
        <P Name="DefaultTransitionBetweenContTasks" Class="char">Ensure deterministic transfer (minimum delay)</P>
        <P Name="DefaultExtrapolationMethodBetweenContTasks" Class="char">None</P>
      </Object>
      <P Name="ExplicitPartitioning">off</P>
    </ConcurrentExecutionSettings>
    <System>
      <P Name="Location">[-8, -8, 1374, 736]</P>
      <P Name="Open">on</P>
      <P Name="SetExecutionDomain">off</P>
      <P Name="ExecutionDomainType">Deduce</P>
      <P Name="ZoomFactor">80</P>
      <P Name="ReportName">simulink-default.rpt</P>
      <P Name="SIDHighWatermark">86</P>
      <P Name="SimulinkSubDomain">Simulink</P>
      <Block BlockType="Constant" Name="B_IGRF" SID="39">
        <P Name="Position">[90, 210, 120, 240]</P>
        <P Name="ZOrder">312</P>
        <P Name="Value">[1 4 3]</P>
      </Block>
      <Block BlockType="BusCreator" Name="Bus&#xA;Creator" SID="40">
        <P Name="Ports">[3, 1]</P>
        <P Name="Position">[95, -54, 100, 14]</P>
        <P Name="ZOrder">313</P>
        <P Name="ShowName">off</P>
        <P Name="Inputs">3</P>
        <P Name="DisplayOption">bar</P>
        <P Name="InheritFromInputs">on</P>
      </Block>
      <Block BlockType="BusToVector" Name="Bus to Vector" SID="41">
        <P Name="Position">[155, -42, 195, 2]</P>
        <P Name="ZOrder">314</P>
      </Block>
      <Block BlockType="Constant" Name="Couple_T (y)" SID="42">
        <P Name="Position">[-15, -35, 15, -5]</P>
        <P Name="ZOrder">315</P>
        <P Name="Value">2</P>
      </Block>
      <Block BlockType="Constant" Name="Couple_T (z)&#xA;" SID="43">
        <P Name="Position">[-15, 55, 15, 85]</P>
        <P Name="ZOrder">316</P>
        <P Name="Value">2</P>
      </Block>
      <Block BlockType="Sin" Name="Couple_T(x)" SID="45">
        <P Name="Ports">[0, 1]</P>
        <P Name="Position">[-20, -105, 10, -75]</P>
        <P Name="ZOrder">318</P>
        <P Name="Amplitude">3</P>
        <P Name="Bias">1.5</P>
        <P Name="Phase">0.2</P>
        <P Name="SampleTime">0</P>
      </Block>
      <Block BlockType="SubSystem" Name="magnetorquer" SID="30">
        <P Name="Ports">[3, 3]</P>
        <P Name="Position">[345, 51, 635, 149]</P>
        <P Name="ZOrder">308</P>
        <P Name="RequestExecContextInheritance">off</P>
        <P Name="ContentPreviewEnabled">on</P>
        <System>
          <P Name="Location">[-8, -8, 1374, 736]</P>
          <P Name="SetExecutionDomain">off</P>
          <P Name="ExecutionDomainType">Deduce</P>
          <P Name="ZoomFactor">125</P>
          <P Name="SimulinkSubDomain">Simulink</P>
          <Block BlockType="Inport" Name="Couple_T (vector)&#xA;Consigne" SID="31">
            <P Name="Position">[-15, 103, 15, 117]</P>
            <P Name="ZOrder">308</P>
            <P Name="IconDisplay">Port number</P>
            <P Name="PortDimensions">3</P>
          </Block>
          <Block BlockType="Inport" Name="orientation_u" SID="32">
            <P Name="Position">[-15, 243, 15, 257]</P>
            <P Name="ZOrder">309</P>
            <P Name="Port">2</P>
            <P Name="IconDisplay">Port number</P>
            <P Name="PortDimensions">3</P>
          </Block>
          <Block BlockType="Inport" Name="B_IGRF" SID="33">
            <P Name="Position">[-15, 278, 15, 292]</P>
            <P Name="ZOrder">310</P>
            <P Name="Port">3</P>
            <P Name="IconDisplay">Port number</P>
            <P Name="PortDimensions">3</P>
          </Block>
          <Block BlockType="Reference" Name="Cross Product" SID="5">
            <P Name="Ports">[2, 1]</P>
            <P Name="Position">[90, 241, 120, 274]</P>
            <P Name="ZOrder">256</P>
            <P Name="LibraryVersion">1.93</P>
            <P Name="SourceBlock">vrlib/Utilities/Cross Product</P>
            <P Name="SourceType">Cross Product</P>
            <P Name="SourceProductName">Simulink</P>
            <P Name="SourceProductBaseCode">SL</P>
            <InstanceData>
              <P Name="ContentPreviewEnabled">on</P>
            </InstanceData>
          </Block>
          <Block BlockType="DotProduct" Name="Dot Product" SID="28">
            <P Name="Position">[100, 102, 130, 133]</P>
            <P Name="ZOrder">306</P>
            <P Name="OutDataTypeStr">Inherit: Inherit via internal rule</P>
          </Block>
          <Block BlockType="DotProduct" Name="Dot Product1" SID="29">
            <P Name="Position">[145, 167, 175, 198]</P>
            <P Name="ZOrder">307</P>
            <P Name="OutDataTypeStr">Inherit: Inherit via internal rule</P>
          </Block>
          <Block BlockType="Gain" Name="Gain" SID="11">
            <P Name="Position">[555, 70, 585, 100]</P>
            <P Name="ZOrder">262</P>
            <P Name="Gain">-1</P>
            <P Name="ParamDataTypeStr">Inherit: Inherit via internal rule</P>
            <P Name="OutDataTypeStr">Inherit: Inherit via internal rule</P>
            <P Name="SaturateOnIntegerOverflow">off</P>
          </Block>
          <Block BlockType="SubSystem" Name="If Action&#xA;Subsystem" SID="80">
            <P Name="Ports">[1, 1, 0, 0, 0, 0, 0, 1]</P>
            <P Name="Position">[375, 212, 445, 248]</P>
            <P Name="ZOrder">325</P>
            <P Name="TreatAsAtomicUnit">on</P>
            <P Name="RequestExecContextInheritance">off</P>
            <P Name="ContentPreviewEnabled">on</P>
            <System>
              <P Name="Location">[-8, -8, 1374, 736]</P>
              <P Name="SetExecutionDomain">off</P>
              <P Name="ExecutionDomainType">Deduce</P>
              <P Name="SimulinkSubDomain">Simulink</P>
              <Block BlockType="Inport" Name="In1" SID="81">
                <P Name="Position">[75, 78, 105, 92]</P>
                <P Name="ZOrder">-1</P>
                <P Name="IconDisplay">Port number</P>
              </Block>
              <Block BlockType="ActionPort" Name="Action Port" SID="82">
                <P Name="Position">[170, 15, 229, 43]</P>
                <P Name="ZOrder">-2</P>
                <P Name="ActionPortLabel">if(u1&lt;0.05 &amp; u1&gt;-0.05)</P>
              </Block>
              <Block BlockType="Outport" Name="Out1" SID="83">
                <P Name="Position">[325, 78, 355, 92]</P>
                <P Name="ZOrder">-3</P>
                <P Name="IconDisplay">Port number</P>
              </Block>
              <Line>
                <P Name="ZOrder">1</P>
                <P Name="Src">81#out:1</P>
                <P Name="Dst">83#in:1</P>
              </Line>
            </System>
          </Block>
          <Block BlockType="SubSystem" Name="If Action&#xA;Subsystem1" SID="74">
            <P Name="Ports">[2, 1, 0, 0, 0, 0, 0, 1]</P>
            <P Name="Position">[355, 122, 425, 158]</P>
            <P Name="ZOrder">324</P>
            <P Name="TreatAsAtomicUnit">on</P>
            <P Name="RequestExecContextInheritance">off</P>
            <P Name="ContentPreviewEnabled">on</P>
            <System>
              <P Name="Location">[-8, -8, 1374, 736]</P>
              <P Name="SetExecutionDomain">off</P>
              <P Name="ExecutionDomainType">Deduce</P>
              <P Name="SimulinkSubDomain">Simulink</P>
              <Block BlockType="Inport" Name="In1" SID="75">
                <P Name="Position">[75, 78, 105, 92]</P>
                <P Name="ZOrder">-1</P>
                <P Name="IconDisplay">Port number</P>
              </Block>
              <Block BlockType="Inport" Name="In2" SID="79">
                <P Name="Position">[75, 148, 105, 162]</P>
                <P Name="ZOrder">261</P>
                <P Name="Port">2</P>
                <P Name="IconDisplay">Port number</P>
              </Block>
              <Block BlockType="ActionPort" Name="Action Port" SID="76">
                <P Name="Position">[170, 15, 229, 43]</P>
                <P Name="ZOrder">-2</P>
                <P Name="ActionPortLabel">else</P>
              </Block>
              <Block BlockType="Product" Name="Divide" SID="78">
                <P Name="Ports">[2, 1]</P>
                <P Name="Position">[205, 99, 245, 146]</P>
                <P Name="ZOrder">260</P>
                <P Name="Inputs">*/</P>
                <P Name="InputSameDT">off</P>
                <P Name="OutDataTypeStr">Inherit: Inherit via internal rule</P>
                <P Name="RndMeth">Floor</P>
                <P Name="SaturateOnIntegerOverflow">off</P>
              </Block>
              <Block BlockType="Outport" Name="Out1" SID="77">
                <P Name="Position">[320, 118, 350, 132]</P>
                <P Name="ZOrder">-3</P>
                <P Name="IconDisplay">Port number</P>
              </Block>
              <Line>
                <P Name="ZOrder">2</P>
                <P Name="Src">75#out:1</P>
                <P Name="Points">[40, 0; 0, 25]</P>
                <P Name="Dst">78#in:1</P>
              </Line>
              <Line>
                <P Name="ZOrder">3</P>
                <P Name="Src">79#out:1</P>
                <P Name="Points">[40, 0; 0, -20]</P>
                <P Name="Dst">78#in:2</P>
              </Line>
              <Line>
                <P Name="ZOrder">4</P>
                <P Name="Src">78#out:1</P>
                <P Name="Dst">77#in:1</P>
              </Line>
            </System>
          </Block>
          <Block BlockType="If" Name="If1" SID="68">
            <P Name="Ports">[1, 2]</P>
            <P Name="Position">[195, 166, 295, 204]</P>
            <P Name="ZOrder">321</P>
            <P Name="IfExpression">u1&lt;0.05 &amp; u1&gt;-0.05</P>
          </Block>
          <Block BlockType="Merge" Name="Merge" SID="85">
            <P Name="Ports">[2, 1]</P>
            <P Name="Position">[450, 155, 490, 195]</P>
            <P Name="ZOrder">326</P>
          </Block>
          <Block BlockType="MinMax" Name="Min" SID="17">
            <P Name="Ports">[2, 1]</P>
            <P Name="Position">[535, 132, 565, 163]</P>
            <P Name="ZOrder">279</P>
            <P Name="Inputs">2</P>
            <P Name="InputSameDT">off</P>
            <P Name="SaturateOnIntegerOverflow">off</P>
          </Block>
          <Block BlockType="MinMax" Name="Min1" SID="18">
            <P Name="Ports">[2, 1]</P>
            <P Name="Position">[670, 127, 700, 158]</P>
            <P Name="ZOrder">280</P>
            <P Name="Function">max</P>
            <P Name="Inputs">2</P>
            <P Name="InputSameDT">off</P>
            <P Name="SaturateOnIntegerOverflow">off</P>
          </Block>
          <Block BlockType="Product" Name="Product" SID="26">
            <P Name="Ports">[2, 1]</P>
            <P Name="Position">[785, 137, 815, 168]</P>
            <P Name="ZOrder">305</P>
            <P Name="InputSameDT">off</P>
            <P Name="OutDataTypeStr">Inherit: Inherit via internal rule</P>
            <P Name="RndMeth">Floor</P>
            <P Name="SaturateOnIntegerOverflow">off</P>
          </Block>
          <Block BlockType="Constant" Name="Zero" SID="86">
            <P Name="Position">[305, 215, 335, 245]</P>
            <P Name="ZOrder">327</P>
            <P Name="Value">0</P>
            <P Name="OutDataTypeStr">Inherit: Inherit via back propagation</P>
          </Block>
          <Block BlockType="Constant" Name="m_max" SID="10">
            <P Name="Position">[420, 70, 450, 100]</P>
            <P Name="ZOrder">261</P>
          </Block>
          <Block BlockType="Outport" Name="Couple_T (vector)&#xA;" SID="34">
            <P Name="Position">[925, 148, 955, 162]</P>
            <P Name="ZOrder">311</P>
            <P Name="IconDisplay">Port number</P>
          </Block>
          <Block BlockType="Outport" Name="moment magnétique (scalar)" SID="35">
            <P Name="Position">[925, 73, 955, 87]</P>
            <P Name="ZOrder">312</P>
            <P Name="Port">2</P>
            <P Name="IconDisplay">Port number</P>
          </Block>
          <Block BlockType="Outport" Name="m_av" SID="47">
            <P Name="Position">[540, 373, 570, 387]</P>
            <P Name="ZOrder">313</P>
            <P Name="Port">3</P>
            <P Name="IconDisplay">Port number</P>
          </Block>
          <Line>
            <P Name="ZOrder">19</P>
            <P Name="Src">10#out:1</P>
            <P Name="Points">[30, 0]</P>
            <Branch>
              <P Name="ZOrder">32</P>
              <P Name="Points">[0, 55]</P>
              <P Name="Dst">17#in:1</P>
            </Branch>
            <Branch>
              <P Name="ZOrder">27</P>
              <P Name="Dst">11#in:1</P>
            </Branch>
          </Line>
          <Line>
            <P Name="ZOrder">14</P>
            <P Name="Src">5#out:1</P>
            <P Name="Points">[4, 0]</P>
            <Branch>
              <P Name="ZOrder">131</P>
              <P Name="Points">[614, 0; 0, -100]</P>
              <P Name="Dst">26#in:2</P>
            </Branch>
            <Branch>
              <P Name="ZOrder">62</P>
              <P Name="Points">[0, -70]</P>
              <P Name="Dst">29#in:2</P>
            </Branch>
          </Line>
          <Line>
            <P Name="ZOrder">68</P>
            <P Name="Src">33#out:1</P>
            <P Name="Points">[35, 0; 0, -20]</P>
            <P Name="Dst">5#in:2</P>
          </Line>
          <Line>
            <P Name="ZOrder">109</P>
            <P Name="Src">29#out:1</P>
            <P Name="Points">[0, 0]</P>
            <Branch>
              <P Name="ZOrder">135</P>
              <P Name="Points">[0, -35]</P>
              <P Name="Dst">74#in:2</P>
            </Branch>
            <Branch>
              <P Name="ZOrder">134</P>
              <P Name="Dst">68#in:1</P>
            </Branch>
          </Line>
          <Line>
            <P Name="ZOrder">66</P>
            <P Name="Src">31#out:1</P>
            <P Name="Points">[23, 0]</P>
            <Branch>
              <P Name="ZOrder">61</P>
              <P Name="Points">[0, 65]</P>
              <P Name="Dst">29#in:1</P>
            </Branch>
            <Branch>
              <P Name="ZOrder">11</P>
              <P Name="Points">[26, 0]</P>
              <Branch>
                <P Name="ZOrder">76</P>
                <P Name="Dst">28#in:1</P>
              </Branch>
              <Branch>
                <P Name="ZOrder">75</P>
                <P Name="Points">[0, 15]</P>
                <P Name="Dst">28#in:2</P>
              </Branch>
            </Branch>
          </Line>
          <Line>
            <P Name="ZOrder">67</P>
            <P Name="Src">32#out:1</P>
            <P Name="Dst">5#in:1</P>
          </Line>
          <Line>
            <P Name="ZOrder">45</P>
            <P Name="Src">18#out:1</P>
            <P Name="Points">[37, 0]</P>
            <Branch>
              <P Name="ZOrder">70</P>
              <P Name="Points">[0, -65]</P>
              <P Name="Dst">35#in:1</P>
            </Branch>
            <Branch>
              <P Name="ZOrder">48</P>
              <P Name="Dst">26#in:1</P>
            </Branch>
          </Line>
          <Line>
            <P Name="ZOrder">126</P>
            <P Name="Src">85#out:1</P>
            <P Name="Points">[5, 0]</P>
            <Branch>
              <P Name="ZOrder">127</P>
              <P Name="Points">[0, -20]</P>
              <P Name="Dst">17#in:2</P>
            </Branch>
            <Branch>
              <P Name="ZOrder">125</P>
              <P Name="Points">[13, 0; 0, 205]</P>
              <P Name="Dst">47#in:1</P>
            </Branch>
          </Line>
          <Line>
            <P Name="ZOrder">36</P>
            <P Name="Src">17#out:1</P>
            <P Name="Dst">18#in:2</P>
          </Line>
          <Line>
            <P Name="ZOrder">35</P>
            <P Name="Src">11#out:1</P>
            <P Name="Points">[38, 0; 0, 50]</P>
            <P Name="Dst">18#in:1</P>
          </Line>
          <Line>
            <P Name="ZOrder">69</P>
            <P Name="Src">26#out:1</P>
            <P Name="Dst">34#in:1</P>
          </Line>
          <Line>
            <P Name="ZOrder">129</P>
            <P Name="Src">74#out:1</P>
            <P Name="Points">[5, 0]</P>
            <P Name="Dst">85#in:1</P>
          </Line>
          <Line>
            <P Name="ZOrder">130</P>
            <P Name="Src">80#out:1</P>
            <P Name="Points">[19, 0; 0, -26; -36, 0; 0, -19]</P>
            <P Name="Dst">85#in:2</P>
          </Line>
          <Line>
            <P Name="ZOrder">133</P>
            <P Name="Src">86#out:1</P>
            <P Name="Dst">80#in:1</P>
          </Line>
          <Line>
            <P Name="ZOrder">136</P>
            <P Name="Src">28#out:1</P>
            <P Name="Points">[97, 0; 0, 10]</P>
            <P Name="Dst">74#in:1</P>
          </Line>
          <Line>
            <P Name="ZOrder">142</P>
            <P Name="Src">68#out:1</P>
            <P Name="Points">[110, 0]</P>
            <P Name="Dst">80#ifaction</P>
          </Line>
          <Line>
            <P Name="ZOrder">143</P>
            <P Name="Src">68#out:2</P>
            <P Name="Points">[25, 0; 0, -94; 65, 0]</P>
            <P Name="Dst">74#ifaction</P>
          </Line>
          <Annotation SID="27">
            <P Name="Name">Vérifier le type d&apos;entrée
Vérifier les bases des vecteurs</P>
            <P Name="Position">[20, 20, 157, 46]</P>
            <P Name="InternalMargins">[0, 0, 0, 0]</P>
            <P Name="ZOrder">-1</P>
          </Annotation>
          <Annotation SID="19">
            <P Name="Name">préciser m_max et m_min</P>
            <P Name="Position">[456, 53, 572, 67]</P>
            <P Name="InternalMargins">[0, 0, 0, 0]</P>
            <P Name="ZOrder">-2</P>
          </Annotation>
        </System>
      </Block>
      <Block BlockType="Constant" Name="orientation_u&#xA;" SID="38">
        <P Name="Position">[90, 85, 120, 115]</P>
        <P Name="ZOrder">311</P>
        <P Name="Value">[0 0 1]</P>
      </Block>
      <Block BlockType="Outport" Name="Couple_T (vector)&#xA;" SID="20">
        <P Name="Position">[820, 68, 850, 82]</P>
        <P Name="ZOrder">281</P>
        <P Name="IconDisplay">Port number</P>
      </Block>
      <Block BlockType="Outport" Name="moment magnétique (scalar)" SID="22">
        <P Name="Position">[820, 118, 850, 132]</P>
        <P Name="ZOrder">283</P>
        <P Name="Port">2</P>
        <P Name="IconDisplay">Port number</P>
      </Block>
      <Block BlockType="Outport" Name="entrée" SID="46">
        <P Name="Position">[345, -2, 375, 12]</P>
        <P Name="ZOrder">319</P>
        <P Name="Port">3</P>
        <P Name="IconDisplay">Port number</P>
      </Block>
      <Block BlockType="Outport" Name="m_av" SID="48">
        <P Name="Position">[705, 203, 735, 217]</P>
        <P Name="ZOrder">320</P>
        <P Name="Port">4</P>
        <P Name="IconDisplay">Port number</P>
      </Block>
      <Line>
        <P Name="ZOrder">80</P>
        <P Name="Src">41#out:1</P>
        <P Name="Points">[70, 0; 0, 25]</P>
        <Branch>
          <P Name="ZOrder">87</P>
          <P Name="Dst">46#in:1</P>
        </Branch>
        <Branch>
          <P Name="ZOrder">85</P>
          <P Name="Points">[0, 65]</P>
          <P Name="Dst">30#in:1</P>
        </Branch>
      </Line>
      <Line>
        <P Name="ZOrder">73</P>
        <P Name="Src">38#out:1</P>
        <P Name="Dst">30#in:2</P>
      </Line>
      <Line>
        <P Name="ZOrder">74</P>
        <P Name="Src">39#out:1</P>
        <P Name="Points">[133, 0; 0, -95]</P>
        <P Name="Dst">30#in:3</P>
      </Line>
      <Line>
        <P Name="ZOrder">69</P>
        <P Name="Src">30#out:1</P>
        <P Name="Points">[0, 5]</P>
        <P Name="Dst">20#in:1</P>
      </Line>
      <Line>
        <P Name="ZOrder">70</P>
        <P Name="Src">30#out:2</P>
        <P Name="Points">[0, 25]</P>
        <P Name="Dst">22#in:1</P>
      </Line>
      <Line>
        <P Name="ZOrder">75</P>
        <P Name="Src">40#out:1</P>
        <P Name="Dst">41#in:1</P>
      </Line>
      <Line>
        <P Name="ZOrder">81</P>
        <P Name="Src">42#out:1</P>
        <P Name="Dst">40#in:2</P>
      </Line>
      <Line>
        <P Name="ZOrder">82</P>
        <P Name="Src">43#out:1</P>
        <P Name="Points">[40, 0; 0, -70]</P>
        <P Name="Dst">40#in:3</P>
      </Line>
      <Line>
        <P Name="ZOrder">84</P>
        <P Name="Src">45#out:1</P>
        <P Name="Points">[40, 0; 0, 50]</P>
        <P Name="Dst">40#in:1</P>
      </Line>
      <Line>
        <P Name="ZOrder">90</P>
        <P Name="Src">30#out:3</P>
        <P Name="Points">[30, 0; 0, 80]</P>
        <P Name="Dst">48#in:1</P>
      </Line>
    </System>
  </Model>
</ModelInformation>
