<?xml version="1.0" encoding="UTF-8"?>
<sltp_editor version="1.1" packageUris="http://schema.mathworks.com/mf0/DiagramEditor/R2019a_20181107 http://schema.mathworks.com/mf0/SltpSyntax/R2019b_201903011129">
  <sltp.mm.syntax.Context type="sltp.mm.syntax.Context" uuid="d34255cf-ca5b-48fb-b879-0678888b0018">
    <rootGraph type="sltp.mm.syntax.Graph" uuid="3034cf9a-ba12-4637-aa19-201479ab32ce">
      <children type="sltp.mm.syntax.Node" uuid="a6c1078f-9784-49cf-86c3-5940bf38348d">
        <priority>40</priority>
        <rates type="sltp.mm.syntax.RateData">
          <color>#000000</color>
          <hasBlocks>true</hasBlocks>
          <rate>0</rate>
          <title>Cont</title>
        </rates>
        <rates type="sltp.mm.syntax.RateData">
          <color>#808080</color>
          <hasBlocks>true</hasBlocks>
          <rate>[0, 1]</rate>
          <title>FiM</title>
        </rates>
        <title>Cont</title>
        <type>base</type>
        <diagramElement type="diagram.editor.model.Entity" uuid="9110f17b-7db0-40a2-b366-daad4eb03757"/>
        <subgraph type="sltp.mm.syntax.Graph" uuid="7ce05b59-dc99-4890-859d-959d62489b56">
          <title>Cont</title>
          <diagramElement type="diagram.editor.model.Diagram" uuid="08f8e0f7-20fa-4f00-8d8c-97b8d71da01b"/>
        </subgraph>
      </children>
      <title>Default</title>
      <diagramElement type="diagram.editor.model.Diagram" uuid="336d0b18-0932-4c13-9af6-f01bdf91a968"/>
    </rootGraph>
  </sltp.mm.syntax.Context>
  <diagram.editor.model.Diagram type="diagram.editor.model.Diagram" uuid="336d0b18-0932-4c13-9af6-f01bdf91a968">
    <entities type="diagram.editor.model.Entity" uuid="9110f17b-7db0-40a2-b366-daad4eb03757">
      <position>0,0</position>
      <size>0,0,0,0</size>
      <syntaxElement type="sltp.mm.syntax.Node" uuid="a6c1078f-9784-49cf-86c3-5940bf38348d"/>
      <title>Cont</title>
      <type>base</type>
      <subDiagram type="diagram.editor.model.Diagram" uuid="08f8e0f7-20fa-4f00-8d8c-97b8d71da01b">
        <position>0,0</position>
        <syntaxElement type="sltp.mm.syntax.Graph" uuid="7ce05b59-dc99-4890-859d-959d62489b56"/>
        <title>Cont</title>
        <type>graph.Graph</type>
      </subDiagram>
    </entities>
    <syntaxElement type="sltp.mm.syntax.Graph" uuid="3034cf9a-ba12-4637-aa19-201479ab32ce"/>
    <title>Default</title>
    <type>graph.Graph</type>
  </diagram.editor.model.Diagram>
</sltp_editor>