<?xml version="1.0" encoding="UTF-8"?>
<sltp_graph version="1.1" packageUris="http://schema.mathworks.com/mf0/sltp_mm/R2019b_201903251320">
  <sltp.mm.core.Context type="sltp.mm.core.Context" uuid="2e136802-0059-4a78-abc4-63ad4d55e17f">
    <priorityDirection>HighNumberLast</priorityDirection>
    <unusedIds>2</unusedIds>
    <editorState type="sltp.mm.core.EditorState" uuid="3a03a926-62a3-4e74-a1ca-328e6b617b00">
      <isSynchronized>true</isSynchronized>
    </editorState>
    <rootTask type="sltp.mm.core.Task" uuid="268c13c5-8b33-4988-a386-dc0bbc426552">
      <context type="sltp.mm.core.Context" uuid="2e136802-0059-4a78-abc4-63ad4d55e17f"/>
      <explicit>false</explicit>
      <name>Default</name>
      <priority>-2147483648</priority>
      <subgraph type="sltp.mm.core.Graph" uuid="3dd68a24-414d-4eeb-971b-5d35411cc5b9">
        <tasks type="sltp.mm.core.Task" uuid="d02ffb62-17d6-4639-8b2a-64d4e7ebba41">
          <baseTask>true</baseTask>
          <context type="sltp.mm.core.Context" uuid="2e136802-0059-4a78-abc4-63ad4d55e17f"/>
          <explicit>false</explicit>
          <id>1</id>
          <name>Cont</name>
          <priority>40</priority>
          <rates type="sltp.mm.core.Rate" uuid="77c3a56b-6d2c-4c8f-b0b5-83f997286289">
            <annotation>Cont</annotation>
            <color>255</color>
            <hasBlocks>true</hasBlocks>
            <rateSpec type="sltp.mm.core.RateSpec">
              <period>0</period>
            </rateSpec>
            <sti>0</sti>
          </rates>
          <rates type="sltp.mm.core.Rate" uuid="b68d87c4-c98e-4957-8f70-73ae4a490514">
            <annotation>FiM</annotation>
            <color>-2139062017</color>
            <hasBlocks>true</hasBlocks>
            <rateSpec type="sltp.mm.core.RateSpec">
              <offset>1</offset>
              <period>0</period>
            </rateSpec>
            <sti>1</sti>
          </rates>
        </tasks>
      </subgraph>
    </rootTask>
  </sltp.mm.core.Context>
</sltp_graph>